"range_0","range_1","range_2","range_3","range_4","range_5","range_6","range_7","range_8","range_9","range_10","range_11","range_12","range_13","range_14","range_15","range_16","range_17","range_18","range_19","range_20","range_21","range_22","range_23","range_24","range_25","range_26","range_27","range_28","range_29","range_30","range_31","range_32","range_33","range_34","range_35","range_36","range_37","range_38","range_39","range_40","range_41","range_42","range_43","range_44","range_45","range_46","range_47","range_48","range_49","range_50","range_51","range_52","range_53","range_54","range_55","range_56","range_57","range_58","range_59","range_60","range_61","range_62"
"12.0","12.0","12.0","12.0","12.0","12.0","12.0","12.0","12.0","12.0","0.4876916706562042","0.4876629710197449","0.48769962787628174","0.49041199684143066","0.5571255087852478","0.5498545169830322","0.5476022362709045","0.5466929078102112","0.5471687316894531","0.549102246761322","0.5529059171676636","12.0","12.0","12.0","12.0","12.0","12.0","12.0","12.0","12.0","12.0","12.0","12.0","12.0","12.0","12.0","12.0","12.0","12.0","12.0","12.0","12.0","12.0","12.0","12.0","12.0","12.0","12.0","12.0","12.0","12.0","12.0","12.0","12.0","12.0","12.0","12.0","12.0","12.0","12.0","12.0","12.0","12.0"
"12.0","12.0","12.0","12.0","12.0","12.0","12.0","12.0","12.0","12.0","0.48768851161003113","0.48765671253204346","0.48769333958625793","0.49040400981903076","0.5571912527084351","0.5499686002731323","0.5477192401885986","0.5467740297317505","0.5472182035446167","0.5491461753845215","0.5528715252876282","12.0","12.0","12.0","12.0","12.0","12.0","12.0","12.0","12.0","12.0","12.0","12.0","12.0","12.0","12.0","12.0","12.0","12.0","12.0","12.0","12.0","12.0","12.0","12.0","12.0","12.0","12.0","12.0","12.0","12.0","12.0","12.0","12.0","12.0","12.0","12.0","12.0","12.0","12.0","12.0","12.0","12.0"
"12.0","12.0","12.0","12.0","12.0","12.0","12.0","12.0","12.0","12.0","0.4876916706562042","0.4876613914966583","0.4876980781555176","0.49044063687324524","0.5572364330291748","0.54996657371521","0.5477213263511658","0.546789824962616","0.5473827123641968","0.5492060780525208","0.5530434250831604","12.0","12.0","12.0","12.0","12.0","12.0","12.0","12.0","12.0","12.0","12.0","12.0","12.0","12.0","12.0","12.0","12.0","12.0","12.0","12.0","12.0","12.0","12.0","12.0","12.0","12.0","12.0","12.0","12.0","12.0","12.0","12.0","12.0","12.0","12.0","12.0","12.0","12.0","12.0","12.0","12.0","12.0"
"12.0","12.0","12.0","12.0","12.0","12.0","12.0","12.0","0.4863037168979645","0.48296794295310974","0.4822987914085388","0.4820961058139801","0.4819145202636719","0.48173391819000244","0.48158514499664307","0.4813913404941559","0.48131364583969116","0.48125070333480835","0.4812147915363312","0.48127487301826477","0.48261135816574097","12.0","12.0","12.0","12.0","12.0","12.0","12.0","12.0","12.0","12.0","12.0","12.0","12.0","12.0","12.0","12.0","12.0","12.0","12.0","12.0","12.0","12.0","12.0","12.0","12.0","12.0","12.0","12.0","12.0","12.0","12.0","12.0","12.0","12.0","12.0","12.0","12.0","12.0","12.0","12.0","12.0","12.0"
"12.0","12.0","12.0","12.0","12.0","12.0","12.0","12.0","0.4812358319759369","0.4792267978191376","0.4787597060203552","0.47845497727394104","0.4781939387321472","0.47792211174964905","0.47769391536712646","0.4774111211299896","0.4772382974624634","0.4770636260509491","0.47692784667015076","0.4766940474510193","0.47764790058135986","0.48124781250953674","12.0","12.0","12.0","12.0","12.0","12.0","12.0","12.0","12.0","12.0","12.0","12.0","12.0","12.0","12.0","12.0","12.0","12.0","12.0","12.0","12.0","12.0","12.0","12.0","12.0","12.0","12.0","12.0","12.0","12.0","12.0","12.0","12.0","12.0","12.0","12.0","12.0","12.0","12.0","12.0","12.0"
"12.0","12.0","12.0","12.0","12.0","12.0","12.0","0.480698823928833","0.47777259349823","0.4763416647911072","0.4759365916252136","0.4755302667617798","0.4752197265625","0.47489577531814575","0.47461965680122375","0.47433149814605713","0.47410741448402405","0.4738727807998657","0.47368115186691284","0.47350871562957764","0.47407838702201843","0.47602972388267517","12.0","12.0","12.0","12.0","12.0","12.0","12.0","12.0","12.0","12.0","12.0","12.0","12.0","12.0","12.0","12.0","12.0","12.0","12.0","12.0","12.0","12.0","12.0","12.0","12.0","12.0","12.0","12.0","12.0","12.0","12.0","12.0","12.0","12.0","12.0","12.0","12.0","12.0","12.0","12.0","12.0"
"12.0","12.0","12.0","12.0","12.0","12.0","12.0","0.4771914482116699","0.475029319524765","0.47379371523857117","0.4734191596508026","0.4730093479156494","0.47265303134918213","0.4723235070705414","0.47204726934432983","0.4717136025428772","0.471433162689209","0.4711322784423828","0.47088000178337097","0.4707568287849426","0.4713746905326843","0.4729918837547302","0.4770401418209076","12.0","12.0","12.0","12.0","12.0","12.0","12.0","12.0","12.0","12.0","12.0","12.0","12.0","12.0","12.0","12.0","12.0","12.0","12.0","12.0","12.0","12.0","12.0","12.0","12.0","12.0","12.0","12.0","12.0","12.0","12.0","12.0","12.0","12.0","12.0","12.0","12.0","12.0","12.0","12.0"
"12.0","12.0","12.0","12.0","12.0","12.0","0.48065704107284546","0.4747324585914612","0.4726908802986145","0.47169482707977295","0.4712674021720886","0.47085803747177124","0.4705149531364441","0.4701531231403351","0.46983689069747925","0.4694713056087494","0.4691629707813263","0.4688301682472229","0.46861979365348816","0.468566358089447","0.46909868717193604","0.47064945101737976","0.47369617223739624","12.0","12.0","12.0","12.0","12.0","12.0","12.0","12.0","12.0","12.0","12.0","12.0","12.0","12.0","12.0","12.0","12.0","12.0","12.0","12.0","12.0","12.0","12.0","12.0","12.0","12.0","12.0","12.0","12.0","12.0","12.0","12.0","12.0","12.0","12.0","12.0","12.0","12.0","12.0","12.0"
"12.0","12.0","12.0","12.0","12.0","12.0","0.47679945826530457","0.47236359119415283","0.47061392664909363","0.4696028530597687","0.46919187903404236","0.46875521540641785","0.4683772623538971","0.4679735600948334","0.4676370322704315","0.4672950208187103","0.4670068919658661","0.46669745445251465","0.46644163131713867","0.46636155247688293","0.466823011636734","0.46845632791519165","0.471223920583725","12.0","12.0","12.0","12.0","12.0","12.0","12.0","12.0","12.0","12.0","12.0","12.0","12.0","12.0","12.0","12.0","12.0","12.0","12.0","12.0","12.0","12.0","12.0","12.0","12.0","12.0","12.0","12.0","12.0","12.0","12.0","12.0","12.0","12.0","12.0","12.0","12.0","12.0","12.0","12.0"
"12.0","12.0","12.0","12.0","12.0","12.0","0.474606990814209","0.4705445468425751","0.4690288305282593","0.4680735170841217","0.46764031052589417","0.4671803414821625","0.46679314970970154","0.46639925241470337","0.46605193614959717","0.46566206216812134","0.4653300642967224","0.4649713635444641","0.46468332409858704","0.46464696526527405","0.46524977684020996","0.4666750133037567","0.469424843788147","12.0","12.0","12.0","12.0","12.0","12.0","12.0","12.0","12.0","12.0","12.0","12.0","12.0","12.0","12.0","12.0","12.0","12.0","12.0","12.0","12.0","12.0","12.0","12.0","12.0","12.0","12.0","12.0","12.0","12.0","12.0","12.0","12.0","12.0","12.0","12.0","12.0","12.0","12.0","12.0"
"12.0","12.0","12.0","12.0","12.0","12.0","0.47220027446746826","0.46894440054893494","0.4672969877719879","0.46642452478408813","0.4659782946109772","0.4655199348926544","0.46512237191200256","0.46469828486442566","0.4643206298351288","0.46389511227607727","0.46358129382133484","0.46324390172958374","0.4629623293876648","0.4629633128643036","0.4634895622730255","0.4650745093822479","0.4676712155342102","12.0","12.0","12.0","12.0","12.0","12.0","12.0","12.0","12.0","12.0","12.0","12.0","12.0","12.0","12.0","12.0","12.0","12.0","12.0","12.0","12.0","12.0","12.0","12.0","12.0","12.0","12.0","12.0","12.0","12.0","12.0","12.0","12.0","12.0","12.0","12.0","12.0","12.0","12.0","12.0"
"12.0","12.0","12.0","12.0","12.0","12.0","0.47172626852989197","0.46783778071403503","0.4662639796733856","0.4653593599796295","0.4649049639701843","0.4644213616847992","0.4639999568462372","0.4635593593120575","0.4631820619106293","0.4627656638622284","0.46242794394493103","0.46205976605415344","0.4617515504360199","0.4617413282394409","0.46232864260673523","0.46396422386169434","0.4669506847858429","12.0","12.0","12.0","12.0","12.0","12.0","12.0","12.0","12.0","12.0","12.0","12.0","12.0","12.0","12.0","12.0","12.0","12.0","12.0","12.0","12.0","12.0","12.0","12.0","12.0","12.0","12.0","12.0","12.0","12.0","12.0","12.0","12.0","12.0","12.0","12.0","12.0","12.0","12.0","12.0"
"12.0","12.0","12.0","12.0","12.0","12.0","0.4706668555736542","0.4667234420776367","0.46506673097610474","0.46424058079719543","0.4637625813484192","0.4632570445537567","0.462829053401947","0.46237078309059143","0.46196430921554565","0.4615176320075989","0.46113672852516174","0.4607243239879608","0.46035486459732056","0.4604683518409729","0.46110883355140686","0.46284219622612","0.4660254716873169","12.0","12.0","12.0","12.0","12.0","12.0","12.0","12.0","12.0","12.0","12.0","12.0","12.0","12.0","12.0","12.0","12.0","12.0","12.0","12.0","12.0","12.0","12.0","12.0","12.0","12.0","12.0","12.0","12.0","12.0","12.0","12.0","12.0","12.0","12.0","12.0","12.0","12.0","12.0","12.0"
"12.0","12.0","12.0","12.0","12.0","12.0","0.47097307443618774","0.4663306772708893","0.4647194743156433","0.46378204226493835","0.46327507495880127","0.4627379775047302","0.4622699022293091","0.4617660939693451","0.46129441261291504","0.4608617424964905","0.460490345954895","0.4600888788700104","0.45975127816200256","0.45980438590049744","0.4605889916419983","0.4624331295490265","0.4660627841949463","12.0","12.0","12.0","12.0","12.0","12.0","12.0","12.0","12.0","12.0","12.0","12.0","12.0","12.0","12.0","12.0","12.0","12.0","12.0","12.0","12.0","12.0","12.0","12.0","12.0","12.0","12.0","12.0","12.0","12.0","12.0","12.0","12.0","12.0","12.0","12.0","12.0","12.0","12.0","12.0"
"12.0","12.0","12.0","12.0","12.0","12.0","0.4706171154975891","0.46591705083847046","0.4641418159008026","0.46321940422058105","0.4627107083797455","0.46216630935668945","0.46169087290763855","0.4611840844154358","0.46074166893959045","0.4602595269680023","0.45985132455825806","0.459406316280365","0.45902934670448303","0.4591060280799866","0.4598366320133209","0.46193721890449524","0.4658259451389313","12.0","12.0","12.0","12.0","12.0","12.0","12.0","12.0","12.0","12.0","12.0","12.0","12.0","12.0","12.0","12.0","12.0","12.0","12.0","12.0","12.0","12.0","12.0","12.0","12.0","12.0","12.0","12.0","12.0","12.0","12.0","12.0","12.0","12.0","12.0","12.0","12.0","12.0","12.0","12.0"
"12.0","12.0","12.0","12.0","12.0","12.0","0.47094520926475525","0.4661855399608612","0.46439406275749207","0.47125089168548584","0.4873064458370209","12.0","0.47320353984832764","0.46866440773010254","0.4678628742694855","0.468828946352005","0.472019225358963","0.5468274354934692","0.5473014712333679","0.45907118916511536","0.45996537804603577","0.4621659517288208","0.4660484790802002","12.0","12.0","12.0","12.0","12.0","12.0","12.0","12.0","12.0","12.0","12.0","12.0","12.0","12.0","12.0","12.0","12.0","12.0","12.0","12.0","12.0","12.0","12.0","12.0","12.0","12.0","12.0","12.0","12.0","12.0","12.0","12.0","12.0","12.0","12.0","12.0","12.0","12.0","12.0","12.0"
"12.0","12.0","12.0","12.0","12.0","12.0","0.4708440899848938","0.4661036431789398","0.46431565284729004","0.4712318181991577","0.4872860312461853","12.0","0.4731013774871826","0.46858158707618713","0.46778756380081177","0.4687577188014984","0.471952885389328","0.546902596950531","0.5473451018333435","0.4589959383010864","0.45989400148391724","0.46209391951560974","0.46598097681999207","12.0","12.0","12.0","12.0","12.0","12.0","12.0","12.0","12.0","12.0","12.0","12.0","12.0","12.0","12.0","12.0","12.0","12.0","12.0","12.0","12.0","12.0","12.0","12.0","12.0","12.0","12.0","12.0","12.0","12.0","12.0","12.0","12.0","12.0","12.0","12.0","12.0","12.0","12.0","12.0"
"12.0","12.0","12.0","12.0","12.0","12.0","0.4710082411766052","0.46623721718788147","0.46444258093833923","0.4712596535682678","0.48731744289398193","12.0","0.4732658267021179","0.46871238946914673","0.46790778636932373","0.4688740670681","0.47205907106399536","0.5469362735748291","0.5474283695220947","0.4591158330440521","0.4600101411342621","0.46220695972442627","0.4660886824131012","12.0","12.0","12.0","12.0","12.0","12.0","12.0","12.0","12.0","12.0","12.0","12.0","12.0","12.0","12.0","12.0","12.0","12.0","12.0","12.0","12.0","12.0","12.0","12.0","12.0","12.0","12.0","12.0","12.0","12.0","12.0","12.0","12.0","12.0","12.0","12.0","12.0","12.0","12.0","12.0"
"12.0","12.0","12.0","12.0","12.0","12.0","0.47072693705558777","0.46600890159606934","0.46422871947288513","0.47121119499206543","0.4872656464576721","12.0","0.4729888141155243","0.46849003434181213","0.4677050709724426","0.4686777591705322","0.47187918424606323","0.546710729598999","0.5471925139427185","0.45891228318214417","0.45981284976005554","0.4620162844657898","0.4659034013748169","12.0","12.0","12.0","12.0","12.0","12.0","12.0","12.0","12.0","12.0","12.0","12.0","12.0","12.0","12.0","12.0","12.0","12.0","12.0","12.0","12.0","12.0","12.0","12.0","12.0","12.0","12.0","12.0","12.0","12.0","12.0","12.0","12.0","12.0","12.0","12.0","12.0","12.0","12.0","12.0"
"12.0","12.0","12.0","12.0","12.0","12.0","0.47094959020614624","0.46618983149528503","0.4643998146057129","0.47125527262687683","0.4873112440109253","12.0","0.4732080101966858","0.46866440773010254","0.4678672254085541","0.4688347578048706","0.47202223539352417","0.5469164848327637","0.5474085807800293","0.45907676219940186","0.4599723517894745","0.46217021346092224","0.46605420112609863","12.0","12.0","12.0","12.0","12.0","12.0","12.0","12.0","12.0","12.0","12.0","12.0","12.0","12.0","12.0","12.0","12.0","12.0","12.0","12.0","12.0","12.0","12.0","12.0","12.0","12.0","12.0","12.0","12.0","12.0","12.0","12.0","12.0","12.0","12.0","12.0","12.0","12.0","12.0","12.0"
"12.0","12.0","12.0","12.0","12.0","12.0","0.47070059180259705","0.46598732471466064","0.46420878171920776","0.47121119499206543","0.48726096749305725","12.0","0.4729607403278351","0.4684668183326721","0.4676862061023712","0.46866026520729065","0.4718644320964813","0.5467008352279663","0.5472419857978821","0.45889416337013245","0.45979470014572144","0.4619993269443512","0.4658876657485962","12.0","12.0","12.0","12.0","12.0","12.0","12.0","12.0","12.0","12.0","12.0","12.0","12.0","12.0","12.0","12.0","12.0","12.0","12.0","12.0","12.0","12.0","12.0","12.0","12.0","12.0","12.0","12.0","12.0","12.0","12.0","12.0","12.0","12.0","12.0","12.0","12.0","12.0","12.0","12.0"
"12.0","12.0","12.0","12.0","12.0","12.0","0.47092321515083313","0.4661683142185211","0.4643769860267639","0.47125381231307983","0.4873064458370209","12.0","0.4731783866882324","0.46864113211631775","0.46784693002700806","0.4688158631324768","0.4720015525817871","0.5469085574150085","0.5474005937576294","0.4590558707714081","0.45995277166366577","0.4621518850326538","0.46603694558143616","12.0","12.0","12.0","12.0","12.0","12.0","12.0","12.0","12.0","12.0","12.0","12.0","12.0","12.0","12.0","12.0","12.0","12.0","12.0","12.0","12.0","12.0","12.0","12.0","12.0","12.0","12.0","12.0","12.0","12.0","12.0","12.0","12.0","12.0","12.0","12.0","12.0","12.0","12.0","12.0"
"12.0","12.0","12.0","12.0","12.0","12.0","0.47067123651504517","0.46596434712409973","0.4641859829425812","0.47120535373687744","0.4872593581676483","12.0","0.47292667627334595","0.4684406816959381","0.4676659405231476","0.46863994002342224","0.47184085845947266","0.5466731190681458","0.5472281575202942","0.45887190103530884","0.4597736895084381","0.46197956800460815","0.4658689796924591","12.0","12.0","12.0","12.0","12.0","12.0","12.0","12.0","12.0","12.0","12.0","12.0","12.0","12.0","12.0","12.0","12.0","12.0","12.0","12.0","12.0","12.0","12.0","12.0","12.0","12.0","12.0","12.0","12.0","12.0","12.0","12.0","12.0","12.0","12.0","12.0","12.0","12.0","12.0","12.0"
"12.0","12.0","12.0","12.0","12.0","12.0","0.4708924889564514","0.4661424160003662","0.46435561776161194","0.47124937176704407","0.48730334639549255","12.0","0.47315171360969543","0.46861499547958374","0.4678252339363098","0.4687955379486084","0.4719853103160858","0.546859085559845","0.5474501848220825","0.4590335488319397","0.45993176102638245","0.4621320962905884","0.46601688861846924","12.0","12.0","12.0","12.0","12.0","12.0","12.0","12.0","12.0","12.0","12.0","12.0","12.0","12.0","12.0","12.0","12.0","12.0","12.0","12.0","12.0","12.0","12.0","12.0","12.0","12.0","12.0","12.0","12.0","12.0","12.0","12.0","12.0","12.0","12.0","12.0","12.0","12.0","12.0","12.0"
"12.0","12.0","12.0","12.0","12.0","12.0","0.4706493318080902","0.4659471809864044","0.46417030692100525","0.47120678424835205","0.48725780844688416","12.0","0.4729044735431671","0.4684232473373413","0.46765145659446716","0.46862542629241943","0.4718291163444519","0.5467206239700317","0.5472202301025391","0.4588579535484314","0.45975831151008606","0.4619668424129486","0.46585607528686523","12.0","12.0","12.0","12.0","12.0","12.0","12.0","12.0","12.0","12.0","12.0","12.0","12.0","12.0","12.0","12.0","12.0","12.0","12.0","12.0","12.0","12.0","12.0","12.0","12.0","12.0","12.0","12.0","12.0","12.0","12.0","12.0","12.0","12.0","12.0","12.0","12.0","12.0","12.0","12.0"
"12.0","12.0","12.0","12.0","12.0","12.0","0.4708704650402069","0.4661266505718231","0.4643385410308838","0.47125232219696045","0.4873049259185791","12.0","0.47312504053115845","0.46859610080718994","0.467810720205307","0.4687809646129608","0.4719705879688263","0.5468452572822571","0.5473331809043884","0.45901820063591003","0.4599177837371826","0.4621179699897766","0.4660039246082306","12.0","12.0","12.0","12.0","12.0","12.0","12.0","12.0","12.0","12.0","12.0","12.0","12.0","12.0","12.0","12.0","12.0","12.0","12.0","12.0","12.0","12.0","12.0","12.0","12.0","12.0","12.0","12.0","12.0","12.0","12.0","12.0","12.0","12.0","12.0","12.0","12.0","12.0","12.0","12.0"
"12.0","12.0","12.0","12.0","12.0","12.0","0.4709246754646301","0.46617260575294495","0.46438270807266235","0.4712640643119812","0.48731744289398193","12.0","0.4731798768043518","0.46863821148872375","0.46785128116607666","0.4688202440738678","0.4720059633255005","0.5467602014541626","0.5472360849380493","0.45906001329421997","0.45995697379112244","0.4621575176715851","0.46604272723197937","12.0","12.0","12.0","12.0","12.0","12.0","12.0","12.0","12.0","12.0","12.0","12.0","12.0","12.0","12.0","12.0","12.0","12.0","12.0","12.0","12.0","12.0","12.0","12.0","12.0","12.0","12.0","12.0","12.0","12.0","12.0","12.0","12.0","12.0","12.0","12.0","12.0","12.0","12.0","12.0"
"12.0","12.0","12.0","12.0","12.0","12.0","0.4709510803222656","0.46619558334350586","0.46440407633781433","0.47127145528793335","0.4873253107070923","12.0","0.4732080101966858","0.46866148710250854","0.4678730368614197","0.4688405990600586","0.47202515602111816","0.5468769073486328","0.547376811504364","0.4590809643268585","0.45997798442840576","0.4621772766113281","0.4660627841949463","12.0","12.0","12.0","12.0","12.0","12.0","12.0","12.0","12.0","12.0","12.0","12.0","12.0","12.0","12.0","12.0","12.0","12.0","12.0","12.0","12.0","12.0","12.0","12.0","12.0","12.0","12.0","12.0","12.0","12.0","12.0","12.0","12.0","12.0","12.0","12.0","12.0","12.0","12.0","12.0"
"12.0","12.0","12.0","12.0","12.0","12.0","0.4707928001880646","0.46606630086898804","0.4642828702926636","0.47124648094177246","0.4872954785823822","12.0","0.47304508090019226","0.4685351252555847","0.4677571952342987","0.46872857213020325","0.4719219207763672","0.5466336011886597","0.5471726655960083","0.4589652419090271","0.45986464619636536","0.46206995844841003","0.46595510840415955","12.0","12.0","12.0","12.0","12.0","12.0","12.0","12.0","12.0","12.0","12.0","12.0","12.0","12.0","12.0","12.0","12.0","12.0","12.0","12.0","12.0","12.0","12.0","12.0","12.0","12.0","12.0","12.0","12.0","12.0","12.0","12.0","12.0","12.0","12.0","12.0","12.0","12.0","12.0","12.0"
"12.0","12.0","12.0","12.0","12.0","12.0","0.47088953852653503","0.4661424160003662","0.46435561776161194","0.4712582230567932","0.48731276392936707","12.0","0.4731428325176239","0.46860769391059875","0.4678252339363098","0.4687955379486084","0.47197943925857544","0.5468294024467468","0.5473034977912903","0.4590335488319397","0.45993176102638245","0.4621334671974182","0.46601974964141846","12.0","12.0","12.0","12.0","12.0","12.0","12.0","12.0","12.0","12.0","12.0","12.0","12.0","12.0","12.0","12.0","12.0","12.0","12.0","12.0","12.0","12.0","12.0","12.0","12.0","12.0","12.0","12.0","12.0","12.0","12.0","12.0","12.0","12.0","12.0","12.0","12.0","12.0","12.0","12.0"
"12.0","12.0","12.0","12.0","12.0","12.0","0.47076350450515747","0.4660418927669525","0.46426156163215637","0.4712406098842621","0.4872923493385315","12.0","0.4729444086551666","0.46850892901420593","0.4677368700504303","0.4687097370624542","0.47203248739242554","0.5467562079429626","0.5471845865249634","0.45894432067871094","0.45984506607055664","0.4620516002178192","0.46593931317329407","12.0","12.0","12.0","12.0","12.0","12.0","12.0","12.0","12.0","12.0","12.0","12.0","12.0","12.0","12.0","12.0","12.0","12.0","12.0","12.0","12.0","12.0","12.0","12.0","12.0","12.0","12.0","12.0","12.0","12.0","12.0","12.0","12.0","12.0","12.0","12.0","12.0","12.0","12.0","12.0"
"12.0","12.0","12.0","12.0","12.0","12.0","0.47086021304130554","0.4661208689212799","0.4643341898918152","0.4712626039981842","0.487314373254776","12.0","0.4730406105518341","0.46858301758766174","0.4678078591823578","0.4687780737876892","0.47196468710899353","0.5468294024467468","0.5473054647445679","0.459015429019928","0.45991358160972595","0.4621179699897766","0.4660039246082306","12.0","12.0","12.0","12.0","12.0","12.0","12.0","12.0","12.0","12.0","12.0","12.0","12.0","12.0","12.0","12.0","12.0","12.0","12.0","12.0","12.0","12.0","12.0","12.0","12.0","12.0","12.0","12.0","12.0","12.0","12.0","12.0","12.0","12.0","12.0","12.0","12.0","12.0","12.0","12.0"
"12.0","12.0","12.0","12.0","12.0","12.0","0.4707298278808594","0.46601608395576477","0.46423444151878357","0.4712332487106323","0.4872860312461853","12.0","0.47291332483291626","0.4684813320636749","0.46771374344825745","0.46868646144866943","0.47201627492904663","0.546732485294342","0.5472638010978699","0.4589206576347351","0.45982125401496887","0.46202898025512695","0.46591779589653015","12.0","12.0","12.0","12.0","12.0","12.0","12.0","12.0","12.0","12.0","12.0","12.0","12.0","12.0","12.0","12.0","12.0","12.0","12.0","12.0","12.0","12.0","12.0","12.0","12.0","12.0","12.0","12.0","12.0","12.0","12.0","12.0","12.0","12.0","12.0","12.0","12.0","12.0","12.0","12.0"
"12.0","12.0","12.0","12.0","12.0","12.0","0.47083088755607605","0.466099351644516","0.4643142521381378","0.47125381231307983","0.48730963468551636","12.0","0.4730169177055359","0.46855977177619934","0.46778756380081177","0.4687591791152954","0.47207966446876526","0.5467997193336487","0.547234058380127","0.4589959383010864","0.45989537239074707","0.4620995819568634","0.4659852683544159","12.0","12.0","12.0","12.0","12.0","12.0","12.0","12.0","12.0","12.0","12.0","12.0","12.0","12.0","12.0","12.0","12.0","12.0","12.0","12.0","12.0","12.0","12.0","12.0","12.0","12.0","12.0","12.0","12.0","12.0","12.0","12.0","12.0","12.0","12.0","12.0","12.0","12.0","12.0","12.0"
"12.0","12.0","12.0","12.0","12.0","12.0","0.47071078419685364","0.4660002589225769","0.46422162652015686","0.47123032808303833","0.4872829020023346","12.0","0.47289854288101196","0.4684624671936035","0.467699259519577","0.46867337822914124","0.4720074236392975","0.5466652512550354","0.5472142696380615","0.45890671014785767","0.45980867743492126","0.4620148837566376","0.4659048914909363","0.5797197818756104","12.0","12.0","12.0","12.0","12.0","12.0","12.0","12.0","12.0","12.0","12.0","12.0","12.0","12.0","12.0","12.0","12.0","12.0","12.0","12.0","12.0","12.0","12.0","12.0","12.0","12.0","12.0","12.0","12.0","12.0","12.0","12.0","12.0","12.0","12.0","12.0","12.0","12.0","12.0"
"12.0","12.0","12.0","12.0","12.0","12.0","0.4708133339881897","0.4660835266113281","0.4643000066280365","0.4712596535682678","0.487314373254776","12.0","0.4730021357536316","0.46854525804519653","0.46777743101119995","0.4687475264072418","0.4720752537250519","0.5467997193336487","0.5472896099090576","0.45898333191871643","0.45988282561302185","0.46208828687667847","0.46597811579704285","0.5765886902809143","12.0","12.0","12.0","12.0","12.0","12.0","12.0","12.0","12.0","12.0","12.0","12.0","12.0","12.0","12.0","12.0","12.0","12.0","12.0","12.0","12.0","12.0","12.0","12.0","12.0","12.0","12.0","12.0","12.0","12.0","12.0","12.0","12.0","12.0","12.0","12.0","12.0","12.0","12.0"
"12.0","12.0","12.0","12.0","12.0","12.0","0.4708617031574249","0.4661237299442291","0.4643385410308838","0.4712670147418976","0.4873206317424774","12.0","0.4730495512485504","0.46857866644859314","0.467812180519104","0.4687809646129608","0.4721047580242157","0.5467443466186523","0.5472419857978821","0.45901963114738464","0.4599177837371826","0.46212220191955566","0.466011106967926","0.5734542608261108","0.5733477473258972","12.0","12.0","12.0","12.0","12.0","12.0","12.0","12.0","12.0","12.0","12.0","12.0","12.0","12.0","12.0","12.0","12.0","12.0","12.0","12.0","12.0","12.0","12.0","12.0","12.0","12.0","12.0","12.0","12.0","12.0","12.0","12.0","12.0","12.0","12.0","12.0","12.0","12.0"
"12.0","12.0","12.0","12.0","12.0","12.0","0.47085580229759216","0.4661194384098053","0.4643327593803406","0.4712655544281006","0.48731744289398193","12.0","0.47304803133010864","0.46857577562332153","0.4678063690662384","0.4687780737876892","0.4721018373966217","0.5467482805252075","0.5472896099090576","0.45901402831077576","0.45991358160972595","0.4621179699897766","0.4660068154335022","0.482464998960495","0.5702148079872131","12.0","12.0","12.0","12.0","12.0","12.0","12.0","12.0","12.0","12.0","12.0","12.0","12.0","12.0","12.0","12.0","12.0","12.0","12.0","12.0","12.0","12.0","12.0","12.0","12.0","12.0","12.0","12.0","12.0","12.0","12.0","12.0","12.0","12.0","12.0","12.0","12.0","12.0"
"12.0","12.0","12.0","12.0","12.0","0.4847211539745331","0.4708660840988159","0.4661266505718231","0.46434134244918823","0.47127586603164673","0.48732689023017883","12.0","0.4730569124221802","0.46858593821525574","0.467815101146698","0.4687853455543518","0.47211065888404846","0.5467364192008972","0.5471746325492859","0.45902377367019653","0.45992201566696167","0.46212640404701233","0.46601545810699463","0.4774881899356842","0.5670841932296753","12.0","12.0","12.0","12.0","12.0","12.0","12.0","12.0","12.0","12.0","12.0","12.0","12.0","12.0","12.0","12.0","12.0","12.0","12.0","12.0","12.0","12.0","12.0","12.0","12.0","12.0","12.0","12.0","12.0","12.0","12.0","12.0","12.0","12.0","12.0","12.0","12.0","12.0"
"12.0","12.0","12.0","12.0","12.0","0.47981345653533936","0.4708440899848938","0.46610942482948303","0.4643242359161377","0.4712670147418976","0.4873221814632416","0.5670490860939026","0.4730391800403595","0.46856847405433655","0.46779772639274597","0.4687693119049072","0.47209739685058594","0.5467957854270935","0.547297477722168","0.4590056240558624","0.4599051773548126","0.4621109068393707","0.46599820256233215","0.4741179943084717","0.5639561414718628","12.0","12.0","12.0","12.0","12.0","12.0","12.0","12.0","12.0","12.0","12.0","12.0","12.0","12.0","12.0","12.0","12.0","12.0","12.0","12.0","12.0","12.0","12.0","12.0","12.0","12.0","12.0","12.0","12.0","12.0","12.0","12.0","12.0","12.0","12.0","12.0","12.0","12.0"
"12.0","12.0","12.0","12.0","12.0","0.476576030254364","0.47085288166999817","0.4661165773868561","0.4643327593803406","0.47127586603164673","0.48733004927635193","0.563892662525177","0.47304654121398926","0.46857720613479614","0.4678063690662384","0.4687780737876892","0.4721077084541321","0.5466969013214111","0.5472360849380493","0.459015429019928","0.45991358160972595","0.46212077140808105","0.4660082459449768","0.47139060497283936","0.4771392047405243","12.0","12.0","12.0","12.0","12.0","12.0","12.0","12.0","12.0","12.0","12.0","12.0","12.0","12.0","12.0","12.0","12.0","12.0","12.0","12.0","12.0","12.0","12.0","12.0","12.0","12.0","12.0","12.0","12.0","12.0","12.0","12.0","12.0","12.0","12.0","12.0","12.0","12.0"
"12.0","12.0","12.0","12.0","12.0","0.4737790524959564","0.4705249071121216","0.46609506011009216","0.4643114507198334","0.47127291560173035","0.4873237609863281","0.5607484579086304","0.4730228781700134","0.46855831146240234","0.46778756380081177","0.4687577188014984","0.47209444642066956","0.5467740297317505","0.5473668575286865","0.4589945673942566","0.459892600774765","0.4621009826660156","0.4659881293773651","0.4690825343132019","0.47379857301712036","12.0","12.0","12.0","12.0","12.0","12.0","12.0","12.0","12.0","12.0","12.0","12.0","12.0","12.0","12.0","12.0","12.0","12.0","12.0","12.0","12.0","12.0","12.0","12.0","12.0","12.0","12.0","12.0","12.0","12.0","12.0","12.0","12.0","12.0","12.0","12.0","12.0","12.0"
"12.0","12.0","12.0","12.0","0.48252174258232117","0.4714151918888092","0.4685521423816681","0.46610650420188904","0.46432140469551086","0.47127434611320496","0.48732689023017883","0.557593822479248","0.4730361998081207","0.46856847405433655","0.467794805765152","0.4687664210796356","0.4721018373966217","0.5467284917831421","0.5472816228866577","0.4590042531490326","0.4599037766456604","0.4621080458164215","0.46432995796203613","0.46696117520332336","0.47135597467422485","12.0","12.0","12.0","12.0","12.0","12.0","12.0","12.0","12.0","12.0","12.0","12.0","12.0","12.0","12.0","12.0","12.0","12.0","12.0","12.0","12.0","12.0","12.0","12.0","12.0","12.0","12.0","12.0","12.0","12.0","12.0","12.0","12.0","12.0","12.0","12.0","12.0","12.0"
"12.0","12.0","12.0","12.0","0.475993275642395","0.46922022104263306","0.46673256158828735","0.4648517966270447","0.46377885341644287","0.4712655544281006","0.4873206317424774","0.5554504990577698","0.47299471497535706","0.4685365557670593","0.4677644371986389","0.4687359035015106","0.4720767140388489","0.5466909408569336","0.5472400188446045","0.45896944403648376","0.4598716199398041","0.46109622716903687","0.4625774025917053","0.4650404155254364","0.4694140553474426","12.0","12.0","12.0","12.0","12.0","12.0","12.0","12.0","12.0","12.0","12.0","12.0","12.0","12.0","12.0","12.0","12.0","12.0","12.0","12.0","12.0","12.0","12.0","12.0","12.0","12.0","12.0","12.0","12.0","12.0","12.0","12.0","12.0","12.0","12.0","12.0","12.0","12.0"
"12.0","12.0","12.0","12.0","0.47415691614151","0.4675115644931793","0.46506425738334656","0.46329712867736816","0.462338387966156","0.47127145528793335","0.4873253107070923","0.5554566383361816","0.47302138805389404","0.46855688095092773","0.46778175234794617","0.4687547981739044","0.47209444642066956","0.546732485294342","0.5472320914268494","0.45818057656288147","0.45858538150787354","0.4595756232738495","0.46098265051841736","0.46350300312042236","0.46783366799354553","12.0","12.0","12.0","12.0","12.0","12.0","12.0","12.0","12.0","12.0","12.0","12.0","12.0","12.0","12.0","12.0","12.0","12.0","12.0","12.0","12.0","12.0","12.0","12.0","12.0","12.0","12.0","12.0","12.0","12.0","12.0","12.0","12.0","12.0","12.0","12.0","12.0","12.0"
"12.0","12.0","12.0","12.0","0.47239068150520325","0.4662500023841858","0.4636406898498535","0.4618416428565979","0.46087589859962463","0.4712670147418976","0.4873206317424774","0.555438220500946","0.47298142313957214","0.46852636337280273","0.4677528142929077","0.46872571110725403","0.4720693528652191","0.5467047691345215","0.4568204879760742","0.4568248689174652","0.4571818709373474","0.4580816328525543","0.45963209867477417","0.46232718229293823","0.4667470157146454","12.0","12.0","12.0","12.0","12.0","12.0","12.0","12.0","12.0","12.0","12.0","12.0","12.0","12.0","12.0","12.0","12.0","12.0","12.0","12.0","12.0","12.0","12.0","12.0","12.0","12.0","12.0","12.0","12.0","12.0","12.0","12.0","12.0","12.0","12.0","12.0","12.0","12.0"
"12.0","12.0","12.0","12.0","0.4717269539833069","0.46511104702949524","0.4625932276248932","0.46084269881248474","0.4598039388656616","0.47131258249282837","0.4873661696910858","0.5555914044380188","0.4731946885585785","0.4686949551105499","0.46790921688079834","0.46887990832328796","0.4722006916999817","0.5468809008598328","0.4555371403694153","0.4555719196796417","0.4559464156627655","0.4570610523223877","0.45865073800086975","0.4613472819328308","0.46637582778930664","12.0","12.0","12.0","12.0","12.0","12.0","12.0","12.0","12.0","12.0","12.0","12.0","12.0","12.0","12.0","12.0","12.0","12.0","12.0","12.0","12.0","12.0","12.0","12.0","12.0","12.0","12.0","12.0","12.0","12.0","12.0","12.0","12.0","12.0","12.0","12.0","12.0","12.0"
"12.0","12.0","12.0","12.0","0.47331950068473816","0.46425938606262207","0.46144071221351624","0.4596887528896332","0.4586966335773468","0.47127729654312134","0.48732849955558777","0.555479109287262","0.4730391800403595","0.46856990456581116","0.46779191493988037","0.468764990568161","0.4721047580242157","0.5466988682746887","0.45447689294815063","0.4545116126537323","0.4549652636051178","0.4560147821903229","0.4574728310108185","0.4605942964553833","0.46726876497268677","12.0","12.0","12.0","12.0","12.0","12.0","12.0","12.0","12.0","12.0","12.0","12.0","12.0","12.0","12.0","12.0","12.0","12.0","12.0","12.0","12.0","12.0","12.0","12.0","12.0","12.0","12.0","12.0","12.0","12.0","12.0","12.0","12.0","12.0","12.0","12.0","12.0","12.0"
"12.0","12.0","12.0","12.0","12.0","0.4637303054332733","0.46096277236938477","0.45901504158973694","0.45813247561454773","0.47131404280662537","12.0","0.5555955171585083","0.4732080101966858","0.46870365738868713","0.46791505813598633","0.46888425946235657","0.47220656275749207","0.5369551181793213","0.45359164476394653","0.45365625619888306","0.45415472984313965","0.4552377164363861","0.457098126411438","0.460339218378067","0.5496730208396912","12.0","12.0","12.0","12.0","12.0","12.0","12.0","12.0","12.0","12.0","12.0","12.0","12.0","12.0","12.0","12.0","12.0","12.0","12.0","12.0","12.0","12.0","12.0","12.0","12.0","12.0","12.0","12.0","12.0","12.0","12.0","12.0","12.0","12.0","12.0","12.0","12.0","12.0"
"12.0","12.0","12.0","12.0","12.0","0.4638453722000122","0.46029672026634216","0.4584738314151764","0.4574645459651947","0.4712802469730377","12.0","0.5554770231246948","0.4730391800403595","0.46856990456581116","0.46779048442840576","0.4687635004520416","0.47211065888404846","0.5338215827941895","0.4528997540473938","0.45288965106010437","0.45348986983299255","0.4546545743942261","0.4566219747066498","0.4607991576194763","0.5495691895484924","12.0","12.0","12.0","12.0","12.0","12.0","12.0","12.0","12.0","12.0","12.0","12.0","12.0","12.0","12.0","12.0","12.0","12.0","12.0","12.0","12.0","12.0","12.0","12.0","12.0","12.0","12.0","12.0","12.0","12.0","12.0","12.0","12.0","12.0","12.0","12.0","12.0","12.0"
"12.0","12.0","12.0","12.0","12.0","0.4658583104610443","0.4608266055583954","0.45847105979919434","0.45732757449150085","0.471311092376709","12.0","0.5555893778800964","0.47319912910461426","0.46869638562202454","0.46790778636932373","0.46887698769569397","0.47220656275749207","0.5306797623634338","0.4524631202220917","0.4526386559009552","0.45312148332595825","0.45462721586227417","0.45699039101600647","0.46507328748703003","0.5496709942817688","12.0","12.0","12.0","12.0","12.0","12.0","12.0","12.0","12.0","12.0","12.0","12.0","12.0","12.0","12.0","12.0","12.0","12.0","12.0","12.0","12.0","12.0","12.0","12.0","12.0","12.0","12.0","12.0","12.0","12.0","12.0","12.0","12.0","12.0","12.0","12.0","12.0","12.0"
"12.0","12.0","12.0","12.0","12.0","12.0","0.46175190806388855","0.45871439576148987","0.45740506052970886","0.4712817370891571","12.0","0.5554688572883606","0.4730288088321686","0.46856266260147095","0.46778175234794617","0.4687547981739044","0.4721047580242157","0.5275415182113647","0.45228031277656555","0.45243412256240845","0.45312148332595825","0.4548364281654358","0.4577719271183014","0.5344717502593994","0.5495632290840149","12.0","12.0","12.0","12.0","12.0","12.0","12.0","12.0","12.0","12.0","12.0","12.0","12.0","12.0","12.0","12.0","12.0","12.0","12.0","12.0","12.0","12.0","12.0","12.0","12.0","12.0","12.0","12.0","12.0","12.0","12.0","12.0","12.0","12.0","12.0","12.0","12.0","12.0"
"12.0","12.0","12.0","12.0","12.0","12.0","12.0","0.4608398973941803","0.4586813151836395","0.4713258147239685","12.0","0.5556220412254333","0.4732435643672943","0.4687327444553375","0.46793967485427856","0.46890753507614136","0.4722331166267395","0.5244038701057434","0.452803373336792","0.45299550890922546","0.453916072845459","0.4565228521823883","0.5234900116920471","0.5346077680587769","0.5497009754180908","12.0","12.0","12.0","12.0","12.0","12.0","12.0","12.0","12.0","12.0","12.0","12.0","12.0","12.0","12.0","12.0","12.0","12.0","12.0","12.0","12.0","12.0","12.0","12.0","12.0","12.0","12.0","12.0","12.0","12.0","12.0","12.0","12.0","12.0","12.0","12.0","12.0","12.0"
"12.0","12.0","12.0","12.0","12.0","12.0","12.0","12.0","0.46408769488334656","12.0","12.0","0.5554403066635132","0.47299766540527344","0.46853944659233093","0.4677586257457733","0.46873152256011963","0.4720870852470398","0.5212600231170654","0.4537999927997589","0.4543982148170471","0.45560693740844727","0.5204850435256958","0.5203505754470825","0.5344510078430176","0.5495412349700928","12.0","12.0","12.0","12.0","12.0","12.0","12.0","12.0","12.0","12.0","12.0","12.0","12.0","12.0","12.0","12.0","12.0","12.0","12.0","12.0","12.0","12.0","12.0","12.0","12.0","12.0","12.0","12.0","12.0","12.0","12.0","12.0","12.0","12.0","12.0","12.0","12.0","12.0"
"12.0","12.0","12.0","12.0","12.0","12.0","12.0","12.0","12.0","12.0","12.0","0.5556015968322754","0.4732199013233185","0.46871528029441833","0.46792086958885193","0.46889007091522217","0.47222280502319336","0.5181252956390381","0.5179222822189331","0.5177051424980164","0.5175358057022095","0.5173541903495789","0.5185983777046204","0.5345907211303711","0.5496869683265686","12.0","12.0","12.0","12.0","12.0","12.0","12.0","12.0","12.0","12.0","12.0","12.0","12.0","12.0","12.0","12.0","12.0","12.0","12.0","12.0","12.0","12.0","12.0","12.0","12.0","12.0","12.0","12.0","12.0","12.0","12.0","12.0","12.0","12.0","12.0","12.0","12.0","12.0"
"12.0","12.0","12.0","12.0","12.0","12.0","12.0","12.0","12.0","12.0","12.0","0.5554300546646118","0.4729829430580139","0.46852925419807434","0.4677455723285675","0.4687198996543884","0.472084105014801","0.5149823427200317","0.5147803425788879","0.5145644545555115","0.5143976807594299","0.5142170190811157","0.518459677696228","0.5344471335411072","0.5495352745056152","12.0","12.0","12.0","12.0","12.0","12.0","12.0","12.0","12.0","12.0","12.0","12.0","12.0","12.0","12.0","12.0","12.0","12.0","12.0","12.0","12.0","12.0","12.0","12.0","12.0","12.0","12.0","12.0","12.0","12.0","12.0","12.0","12.0","12.0","12.0","12.0","12.0","12.0"
"12.0","12.0","12.0","12.0","12.0","12.0","12.0","12.0","12.0","12.0","12.0","0.5557527542114258","0.47341108322143555","0.4688664972782135","0.4680599868297577","0.4690254032611847","0.472339391708374","0.5118600726127625","0.5116589665412903","0.5114443302154541","0.5112783312797546","0.5110986828804016","0.5187175869941711","0.534715473651886","0.5498167872428894","12.0","12.0","12.0","12.0","12.0","12.0","12.0","12.0","12.0","12.0","12.0","12.0","12.0","12.0","12.0","12.0","12.0","12.0","12.0","12.0","12.0","12.0","12.0","12.0","12.0","12.0","12.0","12.0","12.0","12.0","12.0","12.0","12.0","12.0","12.0","12.0","12.0","12.0"
"12.0","12.0","12.0","12.0","12.0","12.0","12.0","12.0","12.0","12.0","12.0","0.555485188961029","0.4730658531188965","0.46859174966812134","0.4678006172180176","0.4687751233577728","0.47212982177734375","0.5087085962295532","0.5085085034370422","0.5082969069480896","0.5081300139427185","0.5079531073570251","0.5185041427612305","0.5344924926757812","0.5495831966400146","12.0","12.0","12.0","12.0","12.0","12.0","12.0","12.0","12.0","12.0","12.0","12.0","12.0","12.0","12.0","12.0","12.0","12.0","12.0","12.0","12.0","12.0","12.0","12.0","12.0","12.0","12.0","12.0","12.0","12.0","12.0","12.0","12.0","12.0","12.0","12.0","12.0","12.0"
"12.0","12.0","12.0","12.0","12.0","12.0","12.0","12.0","12.0","12.0","12.0","0.5557588934898376","0.47342148423194885","0.4688767194747925","0.4680671989917755","0.4690312147140503","0.47234973311424255","0.5055854916572571","0.505386471748352","0.5051760673522949","0.5050116777420044","0.5048342347145081","0.5187264680862427","0.5347249507904053","0.5498248338699341","12.0","12.0","12.0","12.0","12.0","12.0","12.0","12.0","12.0","12.0","12.0","12.0","12.0","12.0","12.0","12.0","12.0","12.0","12.0","12.0","12.0","12.0","12.0","12.0","12.0","12.0","12.0","12.0","12.0","12.0","12.0","12.0","12.0","12.0","12.0","12.0","12.0","12.0"
"12.0","12.0","12.0","12.0","12.0","12.0","12.0","12.0","12.0","12.0","12.0","0.5554831624031067","0.47306138277053833","0.46858879923820496","0.467794805765152","0.4687722325325012","0.47213131189346313","0.5024320483207703","0.5022341012954712","0.5020233988761902","0.5018615126609802","0.5050719976425171","0.5185059309005737","0.5344981551170349","0.5495911240577698","12.0","12.0","12.0","12.0","12.0","12.0","12.0","12.0","12.0","12.0","12.0","12.0","12.0","12.0","12.0","12.0","12.0","12.0","12.0","12.0","12.0","12.0","12.0","12.0","12.0","12.0","12.0","12.0","12.0","12.0","12.0","12.0","12.0","12.0","12.0","12.0","12.0","12.0"
"12.0","12.0","12.0","12.0","12.0","12.0","12.0","12.0","12.0","12.0","12.0","12.0","0.47340813279151917","0.4688621759414673","0.4680512547492981","0.4690166413784027","0.4723409116268158","0.49931105971336365","0.4991142451763153","0.4989047944545746","0.49874207377433777","0.5052779316902161","0.5187193751335144","0.534717321395874","0.5498167872428894","12.0","12.0","12.0","12.0","12.0","12.0","12.0","12.0","12.0","12.0","12.0","12.0","12.0","12.0","12.0","12.0","12.0","12.0","12.0","12.0","12.0","12.0","12.0","12.0","12.0","12.0","12.0","12.0","12.0","12.0","12.0","12.0","12.0","12.0","12.0","12.0","12.0","12.0"
"12.0","12.0","12.0","12.0","12.0","12.0","12.0","12.0","12.0","12.0","12.0","12.0","0.4730554521083832","0.46858301758766174","0.46778467297554016","0.468762069940567","0.47212687134742737","0.49615368247032166","0.495959609746933","0.4957515299320221","0.4955913722515106","0.5050652623176575","0.5185006260871887","0.5344887375831604","0.5494813919067383","12.0","12.0","12.0","12.0","12.0","12.0","12.0","12.0","12.0","12.0","12.0","12.0","12.0","12.0","12.0","12.0","12.0","12.0","12.0","12.0","12.0","12.0","12.0","12.0","12.0","12.0","12.0","12.0","12.0","12.0","12.0","12.0","12.0","12.0","12.0","12.0","12.0","12.0"
"12.0","12.0","12.0","12.0","12.0","12.0","12.0","12.0","12.0","12.0","12.0","12.0","0.4733888506889343","0.4688461720943451","0.46803098917007446","0.4689977467060089","0.4723305404186249","0.4930311441421509","0.49283653497695923","0.4926314651966095","0.4924706220626831","0.505264401435852","0.5187068581581116","0.5347023010253906","12.0","12.0","12.0","12.0","12.0","12.0","12.0","12.0","12.0","12.0","12.0","12.0","12.0","12.0","12.0","12.0","12.0","12.0","12.0","12.0","12.0","12.0","12.0","12.0","12.0","12.0","12.0","12.0","12.0","12.0","12.0","12.0","12.0","12.0","12.0","12.0","12.0","12.0","12.0"
"12.0","12.0","12.0","12.0","12.0","12.0","12.0","12.0","12.0","12.0","12.0","12.0","0.4730258285999298","0.46856409311294556","0.4677644371986389","0.4687417149543762","0.47211208939552307","0.48987147212028503","0.48967960476875305","0.4894743859767914","0.49077266454696655","0.5050517320632935","0.5184845328330994","0.5344717502593994","12.0","12.0","12.0","12.0","12.0","12.0","12.0","12.0","12.0","12.0","12.0","12.0","12.0","12.0","12.0","12.0","12.0","12.0","12.0","12.0","12.0","12.0","12.0","12.0","12.0","12.0","12.0","12.0","12.0","12.0","12.0","12.0","12.0","12.0","12.0","12.0","12.0","12.0","12.0"
"12.0","12.0","12.0","12.0","12.0","12.0","12.0","12.0","12.0","12.0","12.0","0.48834043741226196","0.47335919737815857","0.4688257873058319","0.46800774335861206","0.4689759314060211","0.4723157584667206","0.4867536127567291","0.48656126856803894","0.4863574504852295","0.49095913767814636","0.5052458047866821","0.518685519695282","0.5346814393997192","12.0","12.0","12.0","12.0","12.0","12.0","12.0","12.0","12.0","12.0","12.0","12.0","12.0","12.0","12.0","12.0","12.0","12.0","12.0","12.0","12.0","12.0","12.0","12.0","12.0","12.0","12.0","12.0","12.0","12.0","12.0","12.0","12.0","12.0","12.0","12.0","12.0","12.0","12.0"
"12.0","12.0","12.0","12.0","12.0","12.0","12.0","12.0","12.0","12.0","12.0","0.4851662516593933","0.47300809621810913","0.46854957938194275","0.4677513539791107","0.46872714161872864","0.4721062481403351","0.4835900366306305","0.4834004342556","0.4831980764865875","0.49076470732688904","0.5050433278083801","0.5184757113456726","0.5344604253768921","12.0","12.0","12.0","12.0","12.0","12.0","12.0","12.0","12.0","12.0","12.0","12.0","12.0","12.0","12.0","12.0","12.0","12.0","12.0","12.0","12.0","12.0","12.0","12.0","12.0","12.0","12.0","12.0","12.0","12.0","12.0","12.0","12.0","12.0","12.0","12.0","12.0","12.0","12.0"
"12.0","12.0","12.0","12.0","12.0","12.0","12.0","12.0","12.0","12.0","0.48237577080726624","0.48204076290130615","0.47333547472953796","0.4688068628311157","0.4679918587207794","0.4689599275588989","0.47230401635169983","0.48047491908073425","0.480286568403244","0.4800856113433838","0.49094802141189575","0.5052374005317688","0.5186783671379089","12.0","12.0","12.0","12.0","12.0","12.0","12.0","12.0","12.0","12.0","12.0","12.0","12.0","12.0","12.0","12.0","12.0","12.0","12.0","12.0","12.0","12.0","12.0","12.0","12.0","12.0","12.0","12.0","12.0","12.0","12.0","12.0","12.0","12.0","12.0","12.0","12.0","12.0","12.0","12.0"
"12.0","12.0","12.0","12.0","12.0","12.0","12.0","12.0","12.0","12.0","0.4792044162750244","0.47887182235717773","0.47311025857925415","0.46862953901290894","0.4678252339363098","0.46879842877388","0.4721682071685791","0.4773152768611908","0.47712811827659607","0.47878843545913696","0.4908204674720764","0.5051023364067078","0.5185343623161316","12.0","12.0","12.0","12.0","12.0","12.0","12.0","12.0","12.0","12.0","12.0","12.0","12.0","12.0","12.0","12.0","12.0","12.0","12.0","12.0","12.0","12.0","12.0","12.0","12.0","12.0","12.0","12.0","12.0","12.0","12.0","12.0","12.0","12.0","12.0","12.0","12.0","12.0","12.0","12.0"
"12.0","12.0","12.0","12.0","12.0","12.0","12.0","12.0","12.0","12.0","0.47607600688934326","0.4757472276687622","0.4733547270298004","0.4688243269920349","0.46800774335861206","0.4689759314060211","0.4723172187805176","0.47420138120651245","0.47401392459869385","0.4789249300956726","0.4909607470035553","0.5052492022514343","0.5186890363693237","12.0","12.0","12.0","12.0","12.0","12.0","12.0","12.0","12.0","12.0","12.0","12.0","12.0","12.0","12.0","12.0","12.0","12.0","12.0","12.0","12.0","12.0","12.0","12.0","12.0","12.0","12.0","12.0","12.0","12.0","12.0","12.0","12.0","12.0","12.0","12.0","12.0","12.0","12.0","12.0"
"12.0","12.0","12.0","12.0","12.0","12.0","12.0","12.0","12.0","12.0","0.47290676832199097","0.4725789725780487","0.4722970426082611","0.46863245964050293","0.46782955527305603","0.468801349401474","0.47127285599708557","0.47104412317276","0.47085797786712646","0.47878995537757874","0.4908204674720764","0.5051023364067078","0.5185378789901733","12.0","12.0","12.0","12.0","12.0","12.0","12.0","12.0","12.0","12.0","12.0","12.0","12.0","12.0","12.0","12.0","12.0","12.0","12.0","12.0","12.0","12.0","12.0","12.0","12.0","12.0","12.0","12.0","12.0","12.0","12.0","12.0","12.0","12.0","12.0","12.0","12.0","12.0","12.0","12.0"
"12.0","12.0","12.0","12.0","12.0","12.0","12.0","12.0","12.0","12.0","0.46977072954177856","0.4694482684135437","0.46916821599006653","0.4688141345977783","0.467997670173645","0.4683668315410614","0.468148410320282","0.4679214060306549","0.46773797273635864","0.47891733050346375","0.4909527897834778","0.505240797996521","0.5186819434165955","12.0","12.0","12.0","12.0","12.0","12.0","12.0","12.0","12.0","12.0","12.0","12.0","12.0","12.0","12.0","12.0","12.0","12.0","12.0","12.0","12.0","12.0","12.0","12.0","12.0","12.0","12.0","12.0","12.0","12.0","12.0","12.0","12.0","12.0","12.0","12.0","12.0","12.0","12.0","12.0"
"12.0","12.0","12.0","12.0","12.0","12.0","12.0","12.0","12.0","12.0","0.4673757255077362","0.46625369787216187","0.46597570180892944","0.4656864106655121","0.4654375910758972","0.4651789665222168","0.46496638655662537","0.46473973989486694","0.46757012605667114","0.478682279586792","0.4907073676586151","0.504982590675354","0.518395721912384","12.0","12.0","12.0","12.0","12.0","12.0","12.0","12.0","12.0","12.0","12.0","12.0","12.0","12.0","12.0","12.0","12.0","12.0","12.0","12.0","12.0","12.0","12.0","12.0","12.0","12.0","12.0","12.0","12.0","12.0","12.0","12.0","12.0","12.0","12.0","12.0","12.0","12.0","12.0","12.0"
"12.0","12.0","12.0","12.0","12.0","12.0","12.0","12.0","12.0","12.0","0.46770399808883667","0.4631406366825104","0.46286454796791077","0.4625760018825531","0.46233034133911133","0.4620736837387085","0.46186119318008423","0.46361908316612244","0.4677944481372833","0.47887030243873596","0.4909049868583679","0.5051918029785156","12.0","12.0","12.0","12.0","12.0","12.0","12.0","12.0","12.0","12.0","12.0","12.0","12.0","12.0","12.0","12.0","12.0","12.0","12.0","12.0","12.0","12.0","12.0","12.0","12.0","12.0","12.0","12.0","12.0","12.0","12.0","12.0","12.0","12.0","12.0","12.0","12.0","12.0","12.0","12.0","12.0"
"12.0","12.0","12.0","12.0","12.0","12.0","12.0","12.0","12.0","12.0","0.4675116240978241","0.4622737765312195","0.4601348340511322","0.4594119191169739","0.45916804671287537","0.45941993594169617","0.46078240871429443","0.4634811580181122","0.4676641523838043","0.47876259684562683","0.49079179763793945","0.5050703287124634","12.0","12.0","12.0","12.0","12.0","12.0","12.0","12.0","12.0","12.0","12.0","12.0","12.0","12.0","12.0","12.0","12.0","12.0","12.0","12.0","12.0","12.0","12.0","12.0","12.0","12.0","12.0","12.0","12.0","12.0","12.0","12.0","12.0","12.0","12.0","12.0","12.0","12.0","12.0","12.0","12.0"
"12.0","12.0","12.0","12.0","12.0","12.0","12.0","12.0","12.0","12.0","0.46774014830589294","0.4624633193016052","0.4603240489959717","0.4591466784477234","0.45898252725601196","0.459590345621109","0.4609468877315521","0.46364185214042664","0.4678175747394562","0.47889000177383423","0.49092406034469604","0.5052103400230408","12.0","12.0","12.0","12.0","12.0","12.0","12.0","12.0","12.0","12.0","12.0","12.0","12.0","12.0","12.0","12.0","12.0","12.0","12.0","12.0","12.0","12.0","12.0","12.0","12.0","12.0","12.0","12.0","12.0","12.0","12.0","12.0","12.0","12.0","12.0","12.0","12.0","12.0","12.0","12.0","12.0"
"12.0","12.0","12.0","12.0","12.0","12.0","12.0","12.0","12.0","12.0","0.4675173759460449","0.4622765779495239","0.46013760566711426","0.45896822214126587","0.4588097333908081","0.45942410826683044","0.4607852101325989","0.463483989238739","0.46766558289527893","0.47876259684562683","0.4907933473587036","0.5050703287124634","12.0","12.0","12.0","12.0","12.0","12.0","12.0","12.0","12.0","12.0","12.0","12.0","12.0","12.0","12.0","12.0","12.0","12.0","12.0","12.0","12.0","12.0","12.0","12.0","12.0","12.0","12.0","12.0","12.0","12.0","12.0","12.0","12.0","12.0","12.0","12.0","12.0","12.0","12.0","12.0","12.0"
"12.0","12.0","12.0","12.0","12.0","12.0","12.0","12.0","12.0","12.0","0.4677242338657379","0.4624533951282501","0.46031421422958374","0.45913413166999817","0.4589713513851166","0.45958057045936584","0.46093839406967163","0.46363332867622375","0.46781033277511597","0.4788839519023895","0.490919291973114","12.0","12.0","12.0","12.0","12.0","12.0","12.0","12.0","12.0","12.0","12.0","12.0","12.0","12.0","12.0","12.0","12.0","12.0","12.0","12.0","12.0","12.0","12.0","12.0","12.0","12.0","12.0","12.0","12.0","12.0","12.0","12.0","12.0","12.0","12.0","12.0","12.0","12.0","12.0","12.0","12.0","12.0"
"12.0","12.0","12.0","12.0","12.0","12.0","12.0","12.0","12.0","12.0","0.4676359295845032","0.46237698197364807","0.460238516330719","0.45906582474708557","0.4589044749736786","0.45951491594314575","0.4608737528324127","0.46357211470603943","0.46774953603744507","0.4788323938846588","0.4908651113510132","12.0","12.0","12.0","12.0","12.0","12.0","12.0","12.0","12.0","12.0","12.0","12.0","12.0","12.0","12.0","12.0","12.0","12.0","12.0","12.0","12.0","12.0","12.0","12.0","12.0","12.0","12.0","12.0","12.0","12.0","12.0","12.0","12.0","12.0","12.0","12.0","12.0","12.0","12.0","12.0","12.0","12.0"
"12.0","12.0","12.0","12.0","12.0","12.0","12.0","12.0","12.0","12.0","0.46775320172309875","0.46247604489326477","0.46033668518066406","0.4591578543186188","0.4589950740337372","0.459602952003479","0.46095946431159973","0.46365606784820557","0.4678320586681366","0.47890371084213257","0.4909384548664093","12.0","12.0","12.0","12.0","12.0","12.0","12.0","12.0","12.0","12.0","12.0","12.0","12.0","12.0","12.0","12.0","12.0","12.0","12.0","12.0","12.0","12.0","12.0","12.0","12.0","12.0","12.0","12.0","12.0","12.0","12.0","12.0","12.0","12.0","12.0","12.0","12.0","12.0","12.0","12.0","12.0","12.0"
"12.0","12.0","12.0","12.0","12.0","12.0","12.0","12.0","12.0","12.0","0.4676359295845032","0.4623784124851227","0.4602399170398712","0.45906582474708557","0.4589058756828308","0.4595177173614502","0.4608765244483948","0.46357354521751404","0.4677509665489197","0.4788384437561035","0.49087145924568176","12.0","12.0","12.0","12.0","12.0","12.0","12.0","12.0","12.0","12.0","12.0","12.0","12.0","12.0","12.0","12.0","12.0","12.0","12.0","12.0","12.0","12.0","12.0","12.0","12.0","12.0","12.0","12.0","12.0","12.0","12.0","12.0","12.0","12.0","12.0","12.0","12.0","12.0","12.0","12.0","12.0","12.0"
"12.0","12.0","12.0","12.0","12.0","12.0","12.0","12.0","12.0","12.0","0.46773725748062134","0.46246469020843506","0.4603240489959717","0.4591466784477234","0.4589839577674866","0.45959317684173584","0.460951030254364","0.4636460542678833","0.4678233861923218","0.47889915108680725","0.49051788449287415","12.0","12.0","12.0","12.0","12.0","12.0","12.0","12.0","12.0","12.0","12.0","12.0","12.0","12.0","12.0","12.0","12.0","12.0","12.0","12.0","12.0","12.0","12.0","12.0","12.0","12.0","12.0","12.0","12.0","12.0","12.0","12.0","12.0","12.0","12.0","12.0","12.0","12.0","12.0","12.0","12.0","12.0"
"12.0","12.0","12.0","12.0","12.0","12.0","12.0","12.0","12.0","12.0","0.46740177273750305","0.46218329668045044","0.46003958582878113","0.45888182520866394","0.458726167678833","0.4593431055545807","0.4607079327106476","0.4634101092815399","0.4675946831703186","0.47870805859565735","0.5528048872947693","12.0","12.0","12.0","12.0","12.0","12.0","12.0","12.0","12.0","12.0","12.0","12.0","12.0","12.0","12.0","12.0","12.0","12.0","12.0","12.0","12.0","12.0","12.0","12.0","12.0","12.0","12.0","12.0","12.0","12.0","12.0","12.0","12.0","12.0","12.0","12.0","12.0","12.0","12.0","12.0","12.0","12.0"
"12.0","12.0","12.0","12.0","12.0","12.0","12.0","12.0","12.0","12.0","0.46763306856155396","0.46237698197364807","0.4602370858192444","0.45906439423561096","0.4589044749736786","0.4595162868499756","0.4608765244483948","0.46357354521751404","0.46775245666503906","0.4788399636745453","0.5528957843780518","12.0","12.0","12.0","12.0","12.0","12.0","12.0","12.0","12.0","12.0","12.0","12.0","12.0","12.0","12.0","12.0","12.0","12.0","12.0","12.0","12.0","12.0","12.0","12.0","12.0","12.0","12.0","12.0","12.0","12.0","12.0","12.0","12.0","12.0","12.0","12.0","12.0","12.0","12.0","12.0","12.0","12.0"
"12.0","12.0","12.0","12.0","12.0","12.0","12.0","12.0","12.0","12.0","0.4675636291503906","0.4623204171657562","0.46018245816230774","0.45901140570640564","0.45885294675827026","0.45946601033210754","0.46082738041877747","0.4635266065597534","0.4677090048789978","0.4788035750389099","0.553041398525238","12.0","12.0","12.0","12.0","12.0","12.0","12.0","12.0","12.0","12.0","12.0","12.0","12.0","12.0","12.0","12.0","12.0","12.0","12.0","12.0","12.0","12.0","12.0","12.0","12.0","12.0","12.0","12.0","12.0","12.0","12.0","12.0","12.0","12.0","12.0","12.0","12.0","12.0","12.0","12.0","12.0","12.0"
"12.0","12.0","12.0","12.0","12.0","12.0","12.0","12.0","12.0","12.0","0.46768224239349365","0.46241655945777893","0.4602791965007782","0.4591020941734314","0.458940714597702","0.45955121517181396","0.46091029047966003","0.46360769867897034","0.4677857756614685","0.5491641163825989","0.5529686212539673","12.0","12.0","12.0","12.0","12.0","12.0","12.0","12.0","12.0","12.0","12.0","12.0","12.0","12.0","12.0","12.0","12.0","12.0","12.0","12.0","12.0","12.0","12.0","12.0","12.0","12.0","12.0","12.0","12.0","12.0","12.0","12.0","12.0","12.0","12.0","12.0","12.0","12.0","12.0","12.0","12.0","12.0"
"12.0","12.0","12.0","12.0","12.0","12.0","12.0","12.0","12.0","12.0","0.46757522225379944","0.46233028173446655","0.4601922333240509","0.4590212106704712","0.45886266231536865","0.4594757854938507","0.4608372151851654","0.4635351896286011","0.4677176773548126","0.5491361618041992","0.552855372428894","12.0","12.0","12.0","12.0","12.0","12.0","12.0","12.0","12.0","12.0","12.0","12.0","12.0","12.0","12.0","12.0","12.0","12.0","12.0","12.0","12.0","12.0","12.0","12.0","12.0","12.0","12.0","12.0","12.0","12.0","12.0","12.0","12.0","12.0","12.0","12.0","12.0","12.0","12.0","12.0","12.0","12.0"
"12.0","12.0","12.0","12.0","12.0","12.0","12.0","12.0","12.0","12.0","0.4676707088947296","0.46241095662117004","0.4602707326412201","0.4590964615345001","0.4589351415634155","0.4595470726490021","0.46090608835220337","0.4636034369468689","0.4677813947200775","0.5491700768470764","0.5529807209968567","12.0","12.0","12.0","12.0","12.0","12.0","12.0","12.0","12.0","12.0","12.0","12.0","12.0","12.0","12.0","12.0","12.0","12.0","12.0","12.0","12.0","12.0","12.0","12.0","12.0","12.0","12.0","12.0","12.0","12.0","12.0","12.0","12.0","12.0","12.0","12.0","12.0","12.0","12.0","12.0","12.0","12.0"
"12.0","12.0","12.0","12.0","12.0","12.0","12.0","12.0","12.0","12.0","0.4677198827266693","0.4624533951282501","0.4603155851364136","0.4591369330883026","0.45897555351257324","0.4595848321914673","0.4609440565109253","0.4636389911174774","0.46781614422798157","0.5493098497390747","0.5530617237091064","12.0","12.0","12.0","12.0","12.0","12.0","12.0","12.0","12.0","12.0","12.0","12.0","12.0","12.0","12.0","12.0","12.0","12.0","12.0","12.0","12.0","12.0","12.0","12.0","12.0","12.0","12.0","12.0","12.0","12.0","12.0","12.0","12.0","12.0","12.0","12.0","12.0","12.0","12.0","12.0","12.0","12.0"
"12.0","12.0","12.0","12.0","12.0","12.0","12.0","12.0","12.0","12.0","0.4677112400531769","0.46244487166404724","0.4603058099746704","0.45912858843803406","0.4589672088623047","0.4595777988433838","0.4609356224536896","0.46363332867622375","0.5472995042800903","0.5491721630096436","0.5529949069023132","12.0","12.0","12.0","12.0","12.0","12.0","12.0","12.0","12.0","12.0","12.0","12.0","12.0","12.0","12.0","12.0","12.0","12.0","12.0","12.0","12.0","12.0","12.0","12.0","12.0","12.0","12.0","12.0","12.0","12.0","12.0","12.0","12.0","12.0","12.0","12.0","12.0","12.0","12.0","12.0","12.0","12.0"
"12.0","12.0","12.0","12.0","12.0","12.0","12.0","12.0","12.0","12.0","12.0","0.4624576270580292","0.460319846868515","0.4591425359249115","0.4589797556400299","0.459590345621109","0.46094825863838196","0.5468254685401917","0.5473451018333435","0.5492838621139526","0.5529888272285461","12.0","12.0","12.0","12.0","12.0","12.0","12.0","12.0","12.0","12.0","12.0","12.0","12.0","12.0","12.0","12.0","12.0","12.0","12.0","12.0","12.0","12.0","12.0","12.0","12.0","12.0","12.0","12.0","12.0","12.0","12.0","12.0","12.0","12.0","12.0","12.0","12.0","12.0","12.0","12.0","12.0","12.0"
"12.0","12.0","12.0","12.0","12.0","12.0","12.0","12.0","12.0","12.0","12.0","12.0","0.4602973759174347","0.4591201841831207","0.45895886421203613","0.45956939458847046","0.4722656011581421","0.5467740297317505","0.5472004413604736","0.5491341948509216","0.5529361963272095","12.0","12.0","12.0","12.0","12.0","12.0","12.0","12.0","12.0","12.0","12.0","12.0","12.0","12.0","12.0","12.0","12.0","12.0","12.0","12.0","12.0","12.0","12.0","12.0","12.0","12.0","12.0","12.0","12.0","12.0","12.0","12.0","12.0","12.0","12.0","12.0","12.0","12.0","12.0","12.0","12.0","12.0"
"12.0","12.0","12.0","12.0","12.0","12.0","12.0","12.0","12.0","12.0","12.0","12.0","0.47299620509147644","0.4685612618923187","0.4677644371986389","0.4687417149543762","0.47213131189346313","0.5466691851615906","0.5471072793006897","0.5490803718566895","0.5528634190559387","12.0","12.0","12.0","12.0","12.0","12.0","12.0","12.0","12.0","12.0","12.0","12.0","12.0","12.0","12.0","12.0","12.0","12.0","12.0","12.0","12.0","12.0","12.0","12.0","12.0","12.0","12.0","12.0","12.0","12.0","12.0","12.0","12.0","12.0","12.0","12.0","12.0","12.0","12.0","12.0","12.0","12.0"
"12.0","12.0","12.0","12.0","12.0","12.0","12.0","12.0","12.0","12.0","12.0","12.0","0.4730910062789917","0.46863535046577454","0.467833936214447","0.4688085913658142","0.4721888303756714","0.5467661023139954","0.5472598671913147","0.5491541624069214","0.5529686212539673","12.0","12.0","12.0","12.0","12.0","12.0","12.0","12.0","12.0","12.0","12.0","12.0","12.0","12.0","12.0","12.0","12.0","12.0","12.0","12.0","12.0","12.0","12.0","12.0","12.0","12.0","12.0","12.0","12.0","12.0","12.0","12.0","12.0","12.0","12.0","12.0","12.0","12.0","12.0","12.0","12.0","12.0"
"12.0","12.0","12.0","12.0","12.0","12.0","12.0","12.0","12.0","12.0","12.0","12.0","0.47317686676979065","0.46870365738868713","0.4678991138935089","0.468869686126709","0.47224196791648865","0.5467206239700317","0.5473054647445679","0.5491421818733215","0.5528937578201294","12.0","12.0","12.0","12.0","12.0","12.0","12.0","12.0","12.0","12.0","12.0","12.0","12.0","12.0","12.0","12.0","12.0","12.0","12.0","12.0","12.0","12.0","12.0","12.0","12.0","12.0","12.0","12.0","12.0","12.0","12.0","12.0","12.0","12.0","12.0","12.0","12.0","12.0","12.0","12.0","12.0","12.0"
"12.0","12.0","12.0","12.0","12.0","12.0","12.0","12.0","12.0","12.0","12.0","12.0","0.4731546640396118","0.46868473291397095","0.4678817391395569","0.4688566029071808","0.4722272455692291","0.5467463135719299","0.5472896099090576","0.5491241812705994","0.5529544949531555","12.0","12.0","12.0","12.0","12.0","12.0","12.0","12.0","12.0","12.0","12.0","12.0","12.0","12.0","12.0","12.0","12.0","12.0","12.0","12.0","12.0","12.0","12.0","12.0","12.0","12.0","12.0","12.0","12.0","12.0","12.0","12.0","12.0","12.0","12.0","12.0","12.0","12.0","12.0","12.0","12.0","12.0"
"12.0","12.0","12.0","12.0","12.0","12.0","12.0","12.0","12.0","12.0","12.0","12.0","0.4731828272342682","0.46871238946914673","0.46790778636932373","0.4688813388347626","0.4722523093223572","0.5467917919158936","0.5472896099090576","0.5491880774497986","0.5530009865760803","12.0","12.0","12.0","12.0","12.0","12.0","12.0","12.0","12.0","12.0","12.0","12.0","12.0","12.0","12.0","12.0","12.0","12.0","12.0","12.0","12.0","12.0","12.0","12.0","12.0","12.0","12.0","12.0","12.0","12.0","12.0","12.0","12.0","12.0","12.0","12.0","12.0","12.0","12.0","12.0","12.0","12.0"
"12.0","12.0","12.0","12.0","12.0","12.0","12.0","12.0","12.0","12.0","12.0","12.0","0.4731413424015045","0.46867892146110535","0.4678759276866913","0.4688522219657898","0.4722272455692291","0.5467067956924438","0.5472519397735596","0.5491382479667664","0.5529018640518188","12.0","12.0","12.0","12.0","12.0","12.0","12.0","12.0","12.0","12.0","12.0","12.0","12.0","12.0","12.0","12.0","12.0","12.0","12.0","12.0","12.0","12.0","12.0","12.0","12.0","12.0","12.0","12.0","12.0","12.0","12.0","12.0","12.0","12.0","12.0","12.0","12.0","12.0","12.0","12.0","12.0","12.0"
"12.0","12.0","12.0","12.0","12.0","12.0","12.0","12.0","12.0","12.0","12.0","12.0","0.4733577370643616","0.4688519835472107","0.46803826093673706","0.4690108597278595","0.4723556339740753","0.5469362735748291","0.5474739670753479","0.5493558049201965","0.5531182885169983","12.0","12.0","12.0","12.0","12.0","12.0","12.0","12.0","12.0","12.0","12.0","12.0","12.0","12.0","12.0","12.0","12.0","12.0","12.0","12.0","12.0","12.0","12.0","12.0","12.0","12.0","12.0","12.0","12.0","12.0","12.0","12.0","12.0","12.0","12.0","12.0","12.0","12.0","12.0","12.0","12.0","12.0"
"12.0","12.0","12.0","12.0","12.0","12.0","12.0","12.0","12.0","12.0","12.0","12.0","0.4731976389884949","0.46872690320014954","0.46792086958885193","0.46889734268188477","0.4722611606121063","0.5467581748962402","0.5472043752670288","0.5491321682929993","0.5529463291168213","12.0","12.0","12.0","12.0","12.0","12.0","12.0","12.0","12.0","12.0","12.0","12.0","12.0","12.0","12.0","12.0","12.0","12.0","12.0","12.0","12.0","12.0","12.0","12.0","12.0","12.0","12.0","12.0","12.0","12.0","12.0","12.0","12.0","12.0","12.0","12.0","12.0","12.0","12.0","12.0","12.0","12.0"
"12.0","12.0","12.0","12.0","12.0","12.0","12.0","12.0","12.0","12.0","12.0","12.0","0.4733636677265167","0.4688563048839569","0.4680469334125519","0.4690181314945221","0.47236302495002747","0.5468531250953674","0.5473946928977966","0.5492998361587524","0.5530838966369629","12.0","12.0","12.0","12.0","12.0","12.0","12.0","12.0","12.0","12.0","12.0","12.0","12.0","12.0","12.0","12.0","12.0","12.0","12.0","12.0","12.0","12.0","12.0","12.0","12.0","12.0","12.0","12.0","12.0","12.0","12.0","12.0","12.0","12.0","12.0","12.0","12.0","12.0","12.0","12.0","12.0","12.0"
"12.0","12.0","12.0","12.0","12.0","12.0","12.0","12.0","12.0","12.0","12.0","12.0","0.47318434715270996","0.46871671080589294","0.4679121673107147","0.4688929617404938","0.47225525975227356","0.5468016862869263","0.5472816228866577","0.5492419600486755","0.5529928803443909","12.0","12.0","12.0","12.0","12.0","12.0","12.0","12.0","12.0","12.0","12.0","12.0","12.0","12.0","12.0","12.0","12.0","12.0","12.0","12.0","12.0","12.0","12.0","12.0","12.0","12.0","12.0","12.0","12.0","12.0","12.0","12.0","12.0","12.0","12.0","12.0","12.0","12.0","12.0","12.0","12.0","12.0"
"12.0","12.0","12.0","12.0","12.0","12.0","12.0","12.0","12.0","12.0","12.0","12.0","0.47340959310531616","0.4688941538333893","0.4680860638618469","0.4690559506416321","0.4723910987377167","0.5468412637710571","0.5474125146865845","0.5493637323379517","0.5531001091003418","12.0","12.0","12.0","12.0","12.0","12.0","12.0","12.0","12.0","12.0","12.0","12.0","12.0","12.0","12.0","12.0","12.0","12.0","12.0","12.0","12.0","12.0","12.0","12.0","12.0","12.0","12.0","12.0","12.0","12.0","12.0","12.0","12.0","12.0","12.0","12.0","12.0","12.0","12.0","12.0","12.0","12.0"
"12.0","12.0","12.0","12.0","12.0","12.0","12.0","12.0","12.0","12.0","12.0","12.0","0.4731532037258148","0.4686949551105499","0.4678976535797119","0.46887698769569397","0.4722434878349304","0.5467206239700317","0.5472063422203064","0.5490922927856445","0.5529099702835083","12.0","12.0","12.0","12.0","12.0","12.0","12.0","12.0","12.0","12.0","12.0","12.0","12.0","12.0","12.0","12.0","12.0","12.0","12.0","12.0","12.0","12.0","12.0","12.0","12.0","12.0","12.0","12.0","12.0","12.0","12.0","12.0","12.0","12.0","12.0","12.0","12.0","12.0","12.0","12.0","12.0","12.0"
"12.0","12.0","12.0","12.0","12.0","12.0","12.0","12.0","12.0","12.0","12.0","12.0","0.473376989364624","0.4688723385334015","0.4680686891078949","0.46903854608535767","0.47237780690193176","0.5469145178794861","0.5474540591239929","0.5493597388267517","0.553144633769989","12.0","12.0","12.0","12.0","12.0","12.0","12.0","12.0","12.0","12.0","12.0","12.0","12.0","12.0","12.0","12.0","12.0","12.0","12.0","12.0","12.0","12.0","12.0","12.0","12.0","12.0","12.0","12.0","12.0","12.0","12.0","12.0","12.0","12.0","12.0","12.0","12.0","12.0","12.0","12.0","12.0","12.0"
"12.0","12.0","12.0","12.0","12.0","12.0","12.0","12.0","12.0","12.0","12.0","12.0","0.4731295108795166","0.46867892146110535","0.4678846001625061","0.4688624143600464","0.47222867608070374","0.5467284917831421","0.5471647381782532","0.549086332321167","0.552914023399353","12.0","12.0","12.0","12.0","12.0","12.0","12.0","12.0","12.0","12.0","12.0","12.0","12.0","12.0","12.0","12.0","12.0","12.0","12.0","12.0","12.0","12.0","12.0","12.0","12.0","12.0","12.0","12.0","12.0","12.0","12.0","12.0","12.0","12.0","12.0","12.0","12.0","12.0","12.0","12.0","12.0","12.0"
"12.0","12.0","12.0","12.0","12.0","12.0","12.0","12.0","12.0","12.0","12.0","12.0","0.47335031628608704","0.4688563048839569","0.4680541753768921","0.4690254032611847","0.47236448526382446","0.5469204187393188","0.5474026203155518","0.5492379665374756","0.5530272722244263","12.0","12.0","12.0","12.0","12.0","12.0","12.0","12.0","12.0","12.0","12.0","12.0","12.0","12.0","12.0","12.0","12.0","12.0","12.0","12.0","12.0","12.0","12.0","12.0","12.0","12.0","12.0","12.0","12.0","12.0","12.0","12.0","12.0","12.0","12.0","12.0","12.0","12.0","12.0","12.0","12.0","12.0"
"12.0","12.0","12.0","12.0","12.0","12.0","12.0","12.0","12.0","12.0","12.0","12.0","0.47310730814933777","0.46866440773010254","0.4678744971752167","0.4688522219657898","0.4722183644771576","0.5467225909233093","0.5472182035446167","0.549116313457489","0.5529220700263977","12.0","12.0","12.0","12.0","12.0","12.0","12.0","12.0","12.0","12.0","12.0","12.0","12.0","12.0","12.0","12.0","12.0","12.0","12.0","12.0","12.0","12.0","12.0","12.0","12.0","12.0","12.0","12.0","12.0","12.0","12.0","12.0","12.0","12.0","12.0","12.0","12.0","12.0","12.0","12.0","12.0","12.0"
"12.0","12.0","12.0","12.0","12.0","12.0","12.0","12.0","12.0","12.0","12.0","12.0","0.47353866696357727","0.46900179982185364","0.4681948721408844","0.46916085481643677","0.4724767506122589","0.5470669269561768","0.5475572347640991","0.5494775772094727","0.5532418489456177","12.0","12.0","12.0","12.0","12.0","12.0","12.0","12.0","12.0","12.0","12.0","12.0","12.0","12.0","12.0","12.0","12.0","12.0","12.0","12.0","12.0","12.0","12.0","12.0","12.0","12.0","12.0","12.0","12.0","12.0","12.0","12.0","12.0","12.0","12.0","12.0","12.0","12.0","12.0","12.0","12.0","12.0"
"12.0","12.0","12.0","12.0","12.0","12.0","12.0","12.0","12.0","12.0","12.0","12.0","0.4731783866882324","0.46872398257255554","0.46793386340141296","0.46890899538993835","0.47226712107658386","0.5468314290046692","0.5472657680511475","0.549186110496521","0.5530111193656921","12.0","12.0","12.0","12.0","12.0","12.0","12.0","12.0","12.0","12.0","12.0","12.0","12.0","12.0","12.0","12.0","12.0","12.0","12.0","12.0","12.0","12.0","12.0","12.0","12.0","12.0","12.0","12.0","12.0","12.0","12.0","12.0","12.0","12.0","12.0","12.0","12.0","12.0","12.0","12.0","12.0","12.0"
"12.0","12.0","12.0","12.0","12.0","12.0","12.0","12.0","12.0","12.0","12.0","12.0","0.4735371768474579","0.46900618076324463","0.4682006537914276","0.46916523575782776","0.4724826514720917","0.5470947027206421","0.5475850701332092","0.5494515895843506","0.553270161151886","12.0","12.0","12.0","12.0","12.0","12.0","12.0","12.0","12.0","12.0","12.0","12.0","12.0","12.0","12.0","12.0","12.0","12.0","12.0","12.0","12.0","12.0","12.0","12.0","12.0","12.0","12.0","12.0","12.0","12.0","12.0","12.0","12.0","12.0","12.0","12.0","12.0","12.0","12.0","12.0","12.0","12.0"
"12.0","12.0","12.0","12.0","12.0","12.0","12.0","12.0","12.0","12.0","12.0","12.0","0.4731694459915161","0.4687196612358093","0.46793243288993835","0.46890753507614136","0.4722656011581421","0.5467364192008972","0.5472241640090942","0.5490623712539673","0.5528755784034729","12.0","12.0","12.0","12.0","12.0","12.0","12.0","12.0","12.0","12.0","12.0","12.0","12.0","12.0","12.0","12.0","12.0","12.0","12.0","12.0","12.0","12.0","12.0","12.0","12.0","12.0","12.0","12.0","12.0","12.0","12.0","12.0","12.0","12.0","12.0","12.0","12.0","12.0","12.0","12.0","12.0","12.0"
"12.0","12.0","12.0","12.0","12.0","12.0","12.0","12.0","12.0","12.0","12.0","12.0","0.4735134243965149","0.46898728609085083","0.4681861102581024","0.4691506624221802","0.47247084975242615","0.5471026301383972","0.5475929975509644","0.5495135188102722","0.5532802939414978","12.0","12.0","12.0","12.0","12.0","12.0","12.0","12.0","12.0","12.0","12.0","12.0","12.0","12.0","12.0","12.0","12.0","12.0","12.0","12.0","12.0","12.0","12.0","12.0","12.0","12.0","12.0","12.0","12.0","12.0","12.0","12.0","12.0","12.0","12.0","12.0","12.0","12.0","12.0","12.0","12.0","12.0"
"12.0","12.0","12.0","12.0","12.0","12.0","12.0","12.0","12.0","12.0","12.0","12.0","0.47313690185546875","0.4686949551105499","0.46791359782218933","0.4688885807991028","0.472247838973999","0.5467245578765869","0.547160804271698","0.5491262078285217","0.5529038906097412","12.0","12.0","12.0","12.0","12.0","12.0","12.0","12.0","12.0","12.0","12.0","12.0","12.0","12.0","12.0","12.0","12.0","12.0","12.0","12.0","12.0","12.0","12.0","12.0","12.0","12.0","12.0","12.0","12.0","12.0","12.0","12.0","12.0","12.0","12.0","12.0","12.0","12.0","12.0","12.0","12.0","12.0"
"12.0","12.0","12.0","12.0","12.0","12.0","12.0","12.0","12.0","12.0","12.0","12.0","0.47347933053970337","0.46896401047706604","0.4681629538536072","0.4691302478313446","0.4724516272544861","0.5469897389411926","0.5474720001220703","0.5492878556251526","0.55308598279953","12.0","12.0","12.0","12.0","12.0","12.0","12.0","12.0","12.0","12.0","12.0","12.0","12.0","12.0","12.0","12.0","12.0","12.0","12.0","12.0","12.0","12.0","12.0","12.0","12.0","12.0","12.0","12.0","12.0","12.0","12.0","12.0","12.0","12.0","12.0","12.0","12.0","12.0","12.0","12.0","12.0","12.0"
"12.0","12.0","12.0","12.0","12.0","12.0","12.0","12.0","12.0","12.0","12.0","12.0","0.47311466932296753","0.46867892146110535","0.4679005444049835","0.4688740670681","0.4722360670566559","0.5467047691345215","0.5472043752670288","0.5491341948509216","0.5529079437255859","12.0","12.0","12.0","12.0","12.0","12.0","12.0","12.0","12.0","12.0","12.0","12.0","12.0","12.0","12.0","12.0","12.0","12.0","12.0","12.0","12.0","12.0","12.0","12.0","12.0","12.0","12.0","12.0","12.0","12.0","12.0","12.0","12.0","12.0","12.0","12.0","12.0","12.0","12.0","12.0","12.0","12.0"
"12.0","12.0","12.0","12.0","12.0","12.0","12.0","12.0","12.0","12.0","12.0","12.0","0.47344961762428284","0.46894365549087524","0.468146950006485","0.4691142141819","0.47243833541870117","0.5469917058944702","0.5474779605865479","0.5493437647819519","0.5530920624732971","12.0","12.0","12.0","12.0","12.0","12.0","12.0","12.0","12.0","12.0","12.0","12.0","12.0","12.0","12.0","12.0","12.0","12.0","12.0","12.0","12.0","12.0","12.0","12.0","12.0","12.0","12.0","12.0","12.0","12.0","12.0","12.0","12.0","12.0","12.0","12.0","12.0","12.0","12.0","12.0","12.0","12.0"
"12.0","12.0","12.0","12.0","12.0","12.0","12.0","12.0","12.0","12.0","12.0","12.0","0.4730954170227051","0.46866729855537415","0.4678889214992523","0.468865305185318","0.47222867608070374","0.546714723110199","0.5472162365913391","0.5491461753845215","0.5529220700263977","12.0","12.0","12.0","12.0","12.0","12.0","12.0","12.0","12.0","12.0","12.0","12.0","12.0","12.0","12.0","12.0","12.0","12.0","12.0","12.0","12.0","12.0","12.0","12.0","12.0","12.0","12.0","12.0","12.0","12.0","12.0","12.0","12.0","12.0","12.0","12.0","12.0","12.0","12.0","12.0","12.0","12.0"
"12.0","12.0","12.0","12.0","12.0","12.0","12.0","12.0","12.0","12.0","12.0","12.0","0.4734170138835907","0.46892181038856506","0.46812957525253296","0.46909821033477783","0.47242358326911926","0.5469521284103394","0.5474303364753723","0.5493637323379517","0.553176999092102","12.0","12.0","12.0","12.0","12.0","12.0","12.0","12.0","12.0","12.0","12.0","12.0","12.0","12.0","12.0","12.0","12.0","12.0","12.0","12.0","12.0","12.0","12.0","12.0","12.0","12.0","12.0","12.0","12.0","12.0","12.0","12.0","12.0","12.0","12.0","12.0","12.0","12.0","12.0","12.0","12.0","12.0"
"12.0","12.0","12.0","12.0","12.0","12.0","12.0","12.0","12.0","12.0","12.0","12.0","0.47318875789642334","0.4687429368495941","0.4679642915725708","0.46893662214279175","0.47228920459747314","0.5467067956924438","0.5472043752670288","0.5490983128547668","0.5529038906097412","12.0","12.0","12.0","12.0","12.0","12.0","12.0","12.0","12.0","12.0","12.0","12.0","12.0","12.0","12.0","12.0","12.0","12.0","12.0","12.0","12.0","12.0","12.0","12.0","12.0","12.0","12.0","12.0","12.0","12.0","12.0","12.0","12.0","12.0","12.0","12.0","12.0","12.0","12.0","12.0","12.0","12.0"
"12.0","12.0","12.0","12.0","12.0","12.0","12.0","12.0","12.0","0.4905328154563904","0.4894934296607971","12.0","0.47343331575393677","0.46893489360809326","0.46814262866973877","0.4691113233566284","0.4724338948726654","0.5469204187393188","0.5474065542221069","0.5492758750915527","0.5530232191085815","12.0","12.0","12.0","12.0","12.0","12.0","12.0","12.0","12.0","12.0","12.0","12.0","12.0","12.0","12.0","12.0","12.0","12.0","12.0","12.0","12.0","12.0","12.0","12.0","12.0","12.0","12.0","12.0","12.0","12.0","12.0","12.0","12.0","12.0","12.0","12.0","12.0","12.0","12.0","12.0","12.0","12.0"
"12.0","12.0","12.0","12.0","12.0","12.0","12.0","12.0","0.48729875683784485","0.4851623475551605","0.4874950349330902","12.0","0.47318580746650696","0.46873998641967773","0.4679642915725708","0.46893662214279175","0.47228628396987915","0.5467087626457214","0.5473034977912903","0.4834870994091034","0.48411670327186584","0.48769593238830566","12.0","12.0","12.0","12.0","12.0","12.0","12.0","12.0","12.0","12.0","12.0","12.0","12.0","12.0","12.0","12.0","12.0","12.0","12.0","12.0","12.0","12.0","12.0","12.0","12.0","12.0","12.0","12.0","12.0","12.0","12.0","12.0","12.0","12.0","12.0","12.0","12.0","12.0","12.0","12.0","12.0"
"12.0","12.0","12.0","12.0","12.0","12.0","12.0","0.48544228076934814","0.4826025664806366","0.48116210103034973","0.4875406324863434","12.0","0.47341108322143555","0.46891745924949646","0.46813103556632996","0.46909821033477783","0.47242358326911926","0.5469323396682739","0.5474144816398621","0.47883087396621704","0.47929102182388306","0.48090195655822754","0.4846487045288086","12.0","12.0","12.0","12.0","12.0","12.0","12.0","12.0","12.0","12.0","12.0","12.0","12.0","12.0","12.0","12.0","12.0","12.0","12.0","12.0","12.0","12.0","12.0","12.0","12.0","12.0","12.0","12.0","12.0","12.0","12.0","12.0","12.0","12.0","12.0","12.0","12.0","12.0","12.0","12.0"
"12.0","12.0","12.0","12.0","12.0","12.0","0.48573949933052063","0.481177419424057","0.47909390926361084","0.4779316782951355","0.4874919056892395","12.0","0.47315171360969543","0.46871817111968994","0.4679425358772278","0.46891769766807556","0.47227147221565247","0.546684980392456","0.5471112728118896","0.4752610921859741","0.47566255927085876","0.4771609306335449","0.4794934093952179","12.0","12.0","12.0","12.0","12.0","12.0","12.0","12.0","12.0","12.0","12.0","12.0","12.0","12.0","12.0","12.0","12.0","12.0","12.0","12.0","12.0","12.0","12.0","12.0","12.0","12.0","12.0","12.0","12.0","12.0","12.0","12.0","12.0","12.0","12.0","12.0","12.0","12.0","12.0","12.0"
"12.0","12.0","12.0","12.0","12.0","12.0","0.4811613857746124","0.4778667688369751","0.4761330187320709","0.47516506910324097","0.48753905296325684","12.0","0.47337397933006287","0.4688927233219147","0.46810925006866455","0.46907785534858704","0.4724058508872986","0.5469560623168945","0.5473986268043518","0.4722732901573181","0.47263476252555847","0.47396156191825867","0.4758603274822235","0.4806056320667267","12.0","12.0","12.0","12.0","12.0","12.0","12.0","12.0","12.0","12.0","12.0","12.0","12.0","12.0","12.0","12.0","12.0","12.0","12.0","12.0","12.0","12.0","12.0","12.0","12.0","12.0","12.0","12.0","12.0","12.0","12.0","12.0","12.0","12.0","12.0","12.0","12.0","12.0","12.0"
"12.0","12.0","12.0","12.0","12.0","0.48335278034210205","0.47752615809440613","0.4748948812484741","0.4734647870063782","0.4725838899612427","0.48749029636383057","12.0","0.47312504053115845","0.4687007665634155","0.46793097257614136","0.46890461444854736","0.4722597002983093","0.5467245578765869","0.5472261309623718","0.4695867896080017","0.4699459671974182","0.4710966944694519","0.4728401005268097","0.47646400332450867","12.0","12.0","12.0","12.0","12.0","12.0","12.0","12.0","12.0","12.0","12.0","12.0","12.0","12.0","12.0","12.0","12.0","12.0","12.0","12.0","12.0","12.0","12.0","12.0","12.0","12.0","12.0","12.0","12.0","12.0","12.0","12.0","12.0","12.0","12.0","12.0","12.0","12.0","12.0"
"12.0","12.0","12.0","12.0","12.0","0.4789707660675049","0.4748498201370239","0.4723901152610779","0.4711695909500122","0.471484512090683","0.4875422418117523","12.0","0.4733443558216095","0.4688723385334015","0.4680933356285095","0.46906328201293945","0.4723910987377167","0.5468769073486328","0.5474065542221069","0.4672337472438812","0.46768370270729065","0.46852168440818787","0.47017204761505127","0.47336867451667786","0.48380133509635925","12.0","12.0","12.0","12.0","12.0","12.0","12.0","12.0","12.0","12.0","12.0","12.0","12.0","12.0","12.0","12.0","12.0","12.0","12.0","12.0","12.0","12.0","12.0","12.0","12.0","12.0","12.0","12.0","12.0","12.0","12.0","12.0","12.0","12.0","12.0","12.0","12.0","12.0"
"12.0","12.0","12.0","12.0","12.0","0.47570279240608215","0.47226953506469727","0.4701058566570282","0.4688340127468109","0.4714316129684448","0.48749029636383057","12.0","0.473105788230896","0.46868911385536194","0.46791940927505493","0.4688943922519684","0.4722464382648468","0.5466415286064148","0.5471845865249634","0.4650315046310425","0.465318500995636","0.4663482904434204","0.4678868353366852","0.47079792618751526","0.47639861702919006","12.0","12.0","12.0","12.0","12.0","12.0","12.0","12.0","12.0","12.0","12.0","12.0","12.0","12.0","12.0","12.0","12.0","12.0","12.0","12.0","12.0","12.0","12.0","12.0","12.0","12.0","12.0","12.0","12.0","12.0","12.0","12.0","12.0","12.0","12.0","12.0","12.0","12.0"
"12.0","12.0","12.0","12.0","12.0","0.47319990396499634","0.47012144327163696","0.4681215286254883","0.46695786714553833","0.4714757204055786","0.4875375032424927","12.0","0.4733191728591919","0.4688563048839569","0.4680759310722351","0.4690472483634949","0.4723763167858124","0.5468215346336365","0.5472995042800903","0.4629959166049957","0.46341001987457275","0.464336097240448","0.4657413363456726","0.4686334729194641","0.47327548265457153","12.0","12.0","12.0","12.0","12.0","12.0","12.0","12.0","12.0","12.0","12.0","12.0","12.0","12.0","12.0","12.0","12.0","12.0","12.0","12.0","12.0","12.0","12.0","12.0","12.0","12.0","12.0","12.0","12.0","12.0","12.0","12.0","12.0","12.0","12.0","12.0","12.0","12.0"
"12.0","12.0","12.0","12.0","0.4783903956413269","0.47092974185943604","0.4681752324104309","0.4660734534263611","0.46514827013015747","0.4714565873146057","0.4875170886516571","12.0","0.4732287526130676","0.4687865376472473","0.46801212430000305","0.4689846634864807","0.4723246395587921","0.5467641353607178","0.5473074316978455","0.4611299932003021","0.4615325629711151","0.46242743730545044","0.46396952867507935","0.46637237071990967","0.47100090980529785","12.0","12.0","12.0","12.0","12.0","12.0","12.0","12.0","12.0","12.0","12.0","12.0","12.0","12.0","12.0","12.0","12.0","12.0","12.0","12.0","12.0","12.0","12.0","12.0","12.0","12.0","12.0","12.0","12.0","12.0","12.0","12.0","12.0","12.0","12.0","12.0","12.0","12.0"
"12.0","12.0","12.0","12.0","0.4753149151802063","0.4689178764820099","0.46644914150238037","0.4645976722240448","0.4635358154773712","0.471483051776886","0.4875469207763672","12.0","0.4733443558216095","0.4688767194747925","0.46809911727905273","0.46906909346580505","0.47239696979522705","0.5468294024467468","0.5474026203155518","0.45951220393180847","0.45982825756073","0.46088120341300964","0.4623398184776306","0.46486037969589233","0.4691419303417206","12.0","12.0","12.0","12.0","12.0","12.0","12.0","12.0","12.0","12.0","12.0","12.0","12.0","12.0","12.0","12.0","12.0","12.0","12.0","12.0","12.0","12.0","12.0","12.0","12.0","12.0","12.0","12.0","12.0","12.0","12.0","12.0","12.0","12.0","12.0","12.0","12.0","12.0"
"12.0","12.0","12.0","12.0","0.4739135205745697","0.4674624800682068","0.46470293402671814","0.4630361795425415","0.4620756506919861","0.4714639186859131","0.48752495646476746","12.0","0.47322285175323486","0.4687836170196533","0.46801212430000305","0.4689860939979553","0.4723261296749115","0.5468353033065796","0.5472261309623718","0.45797231793403625","0.4583795964717865","0.45938289165496826","0.4606737196445465","0.46351006627082825","0.46778011322021484","12.0","12.0","12.0","12.0","12.0","12.0","12.0","12.0","12.0","12.0","12.0","12.0","12.0","12.0","12.0","12.0","12.0","12.0","12.0","12.0","12.0","12.0","12.0","12.0","12.0","12.0","12.0","12.0","12.0","12.0","12.0","12.0","12.0","12.0","12.0","12.0","12.0","12.0"
"12.0","12.0","12.0","12.0","0.4724466800689697","0.466136634349823","0.4635540544986725","0.4616006314754486","0.46075934171676636","0.47148600220680237","0.4875437617301941","12.0","0.4733280539512634","0.4688650667667389","0.46809038519859314","0.46906033158302307","0.4723866581916809","0.5469046235084534","0.4565872251987457","0.45665374398231506","0.4570173919200897","0.4579831063747406","0.4595510959625244","0.46220430731773376","0.46712592244148254","12.0","12.0","12.0","12.0","12.0","12.0","12.0","12.0","12.0","12.0","12.0","12.0","12.0","12.0","12.0","12.0","12.0","12.0","12.0","12.0","12.0","12.0","12.0","12.0","12.0","12.0","12.0","12.0","12.0","12.0","12.0","12.0","12.0","12.0","12.0","12.0","12.0","12.0"
"12.0","12.0","12.0","12.0","0.4720652103424072","0.4648025929927826","0.4623345732688904","0.4606013298034668","0.4596194922924042","0.4714639186859131","0.4875202178955078","12.0","0.47319021821022034","0.4687632620334625","0.4679933190345764","0.46896862983703613","0.4723069667816162","0.546732485294342","0.45539575815200806","0.45535096526145935","0.45583227276802063","0.45687323808670044","0.45847412943840027","0.46123895049095154","0.46686652302742004","12.0","12.0","12.0","12.0","12.0","12.0","12.0","12.0","12.0","12.0","12.0","12.0","12.0","12.0","12.0","12.0","12.0","12.0","12.0","12.0","12.0","12.0","12.0","12.0","12.0","12.0","12.0","12.0","12.0","12.0","12.0","12.0","12.0","12.0","12.0","12.0","12.0","12.0"
"12.0","12.0","12.0","12.0","12.0","0.46436765789985657","0.46136754751205444","0.4597306549549103","0.45869526267051697","0.47148600220680237","0.487545371055603","12.0","0.4732939302921295","0.4688432216644287","0.4680686891078949","0.4690414369106293","0.4723718464374542","0.5468907356262207","0.4543306529521942","0.4544445872306824","0.4548981785774231","0.456028550863266","0.457584947347641","0.4609297811985016","0.46804630756378174","12.0","12.0","12.0","12.0","12.0","12.0","12.0","12.0","12.0","12.0","12.0","12.0","12.0","12.0","12.0","12.0","12.0","12.0","12.0","12.0","12.0","12.0","12.0","12.0","12.0","12.0","12.0","12.0","12.0","12.0","12.0","12.0","12.0","12.0","12.0","12.0","12.0","12.0"
"12.0","12.0","12.0","12.0","12.0","0.4638496935367584","0.460923433303833","0.45898300409317017","0.45792579650878906","0.4714609682559967","0.48751550912857056","12.0","0.4731694459915161","0.46874579787254333","0.4679816663265228","0.4689541161060333","0.4722980558872223","0.5467838644981384","0.4534786641597748","0.45352423191070557","0.4539528787136078","0.45519933104515076","0.45708566904067993","0.46074724197387695","12.0","12.0","12.0","12.0","12.0","12.0","12.0","12.0","12.0","12.0","12.0","12.0","12.0","12.0","12.0","12.0","12.0","12.0","12.0","12.0","12.0","12.0","12.0","12.0","12.0","12.0","12.0","12.0","12.0","12.0","12.0","12.0","12.0","12.0","12.0","12.0","12.0","12.0","12.0"
"12.0","12.0","12.0","12.0","12.0","0.464471697807312","0.46068626642227173","0.4586726725101471","0.45763617753982544","0.471484512090683","0.4875422418117523","12.0","0.47326430678367615","0.4688228964805603","0.4680541753768921","0.4690254032611847","0.4723570644855499","0.5468571186065674","0.45285898447036743","0.4530239999294281","0.45355385541915894","0.4548487663269043","0.45685648918151855","0.4614063501358032","12.0","12.0","12.0","12.0","12.0","12.0","12.0","12.0","12.0","12.0","12.0","12.0","12.0","12.0","12.0","12.0","12.0","12.0","12.0","12.0","12.0","12.0","12.0","12.0","12.0","12.0","12.0","12.0","12.0","12.0","12.0","12.0","12.0","12.0","12.0","12.0","12.0","12.0","12.0"
"12.0","12.0","12.0","12.0","12.0","0.46820715069770813","0.4609220623970032","0.45840999484062195","0.45731791853904724","0.47142571210861206","0.487482488155365","12.0","0.4729829430580139","0.46860480308532715","0.46784985065460205","0.4688275158405304","0.47219035029411316","0.5465583801269531","0.4524441659450531","0.4525153338909149","0.4531242549419403","0.4544987380504608","0.4571230113506317","12.0","12.0","12.0","12.0","12.0","12.0","12.0","12.0","12.0","12.0","12.0","12.0","12.0","12.0","12.0","12.0","12.0","12.0","12.0","12.0","12.0","12.0","12.0","12.0","12.0","12.0","12.0","12.0","12.0","12.0","12.0","12.0","12.0","12.0","12.0","12.0","12.0","12.0","12.0","12.0"
"12.0","12.0","12.0","12.0","12.0","12.0","0.4630788266658783","0.4592798054218292","0.4579036235809326","0.47146981954574585","0.4875265061855316","12.0","0.47317245602607727","0.46875306963920593","0.46799036860466003","0.4689643085002899","0.47230544686317444","0.5467838644981384","0.4524807333946228","0.45266038179397583","0.45343002676963806","0.45542964339256287","0.45923009514808655","12.0","12.0","12.0","12.0","12.0","12.0","12.0","12.0","12.0","12.0","12.0","12.0","12.0","12.0","12.0","12.0","12.0","12.0","12.0","12.0","12.0","12.0","12.0","12.0","12.0","12.0","12.0","12.0","12.0","12.0","12.0","12.0","12.0","12.0","12.0","12.0","12.0","12.0","12.0","12.0"
"12.0","12.0","12.0","12.0","12.0","12.0","0.4711417257785797","0.4616767168045044","0.45986407995224","0.47149333357810974","0.48755165934562683","12.0","0.47327324748039246","0.4688315987586975","0.4680643081665039","0.46903565526008606","0.47236597537994385","0.5468136072158813","0.4532596468925476","0.453418105840683","0.4545343220233917","0.45721861720085144","0.46628984808921814","12.0","12.0","12.0","12.0","12.0","12.0","12.0","12.0","12.0","12.0","12.0","12.0","12.0","12.0","12.0","12.0","12.0","12.0","12.0","12.0","12.0","12.0","12.0","12.0","12.0","12.0","12.0","12.0","12.0","12.0","12.0","12.0","12.0","12.0","12.0","12.0","12.0","12.0","12.0","12.0"
"12.0","12.0","12.0","12.0","12.0","12.0","0.4711431562900543","0.4663853347301483","0.4645966589450836","0.47149333357810974","0.4875532388687134","12.0","0.4732702374458313","0.4688315987586975","0.4680657386779785","0.46903854608535767","0.47236889600753784","0.5468491911888123","0.45533403754234314","0.45566117763519287","0.45936158299446106","0.462392121553421","0.4662913382053375","12.0","12.0","12.0","12.0","12.0","12.0","12.0","12.0","12.0","12.0","12.0","12.0","12.0","12.0","12.0","12.0","12.0","12.0","12.0","12.0","12.0","12.0","12.0","12.0","12.0","12.0","12.0","12.0","12.0","12.0","12.0","12.0","12.0","12.0","12.0","12.0","12.0","12.0","12.0","12.0"
"12.0","12.0","12.0","12.0","12.0","12.0","0.4711695909500122","0.46640831232070923","0.46461668610572815","0.4714977443218231","0.4875563979148865","12.0","0.4732939302921295","0.4688519835472107","0.4680860638618469","0.4690559506416321","0.47238221764564514","0.5468630790710449","0.547297477722168","0.4592929780483246","0.46019503474235535","0.4624090790748596","0.4663085341453552","12.0","12.0","12.0","12.0","12.0","12.0","12.0","12.0","12.0","12.0","12.0","12.0","12.0","12.0","12.0","12.0","12.0","12.0","12.0","12.0","12.0","12.0","12.0","12.0","12.0","12.0","12.0","12.0","12.0","12.0","12.0","12.0","12.0","12.0","12.0","12.0","12.0","12.0","12.0","12.0"
"12.0","12.0","12.0","12.0","12.0","12.0","0.47113582491874695","0.4663824141025543","0.4645923674106598","0.4714962840080261","0.48755791783332825","12.0","0.47326135635375977","0.4688272774219513","0.4680643081665039","0.46903565526008606","0.47236597537994385","0.5468650460243225","0.5473113656044006","0.459269255399704","0.4601725935935974","0.4623906910419464","0.46628984808921814","12.0","12.0","12.0","12.0","12.0","12.0","12.0","12.0","12.0","12.0","12.0","12.0","12.0","12.0","12.0","12.0","12.0","12.0","12.0","12.0","12.0","12.0","12.0","12.0","12.0","12.0","12.0","12.0","12.0","12.0","12.0","12.0","12.0","12.0","12.0","12.0","12.0","12.0","12.0","12.0"
"12.0","12.0","12.0","12.0","12.0","12.0","0.47116073966026306","0.4664025604724884","0.4646095037460327","0.4715006649494171","0.48755791783332825","12.0","0.473280668258667","0.4688432216644287","0.4680802524089813","0.46905162930488586","0.47237926721572876","0.5468432307243347","0.5473390817642212","0.4592874050140381","0.4601894021034241","0.4624062180519104","0.466305673122406","12.0","12.0","12.0","12.0","12.0","12.0","12.0","12.0","12.0","12.0","12.0","12.0","12.0","12.0","12.0","12.0","12.0","12.0","12.0","12.0","12.0","12.0","12.0","12.0","12.0","12.0","12.0","12.0","12.0","12.0","12.0","12.0","12.0","12.0","12.0","12.0","12.0","12.0","12.0","12.0"
"12.0","12.0","12.0","12.0","12.0","12.0","0.47110798954963684","0.466360867023468","0.46457239985466003","0.47149479389190674","0.48755791783332825","12.0","0.4732287526130676","0.46880394220352173","0.4680440127849579","0.4690166413784027","0.47234973311424255","0.5468037128448486","0.5472380518913269","0.4592511057853699","0.4601529836654663","0.4623723030090332","0.4662740230560303","12.0","12.0","12.0","12.0","12.0","12.0","12.0","12.0","12.0","12.0","12.0","12.0","12.0","12.0","12.0","12.0","12.0","12.0","12.0","12.0","12.0","12.0","12.0","12.0","12.0","12.0","12.0","12.0","12.0","12.0","12.0","12.0","12.0","12.0","12.0","12.0","12.0","12.0","12.0","12.0"
"12.0","12.0","12.0","12.0","12.0","12.0","0.47113582491874695","0.46638384461402893","0.464595228433609","0.4715021848678589","0.48756110668182373","12.0","0.47325393557548523","0.4688243269920349","0.4680643081665039","0.4690370559692383","0.47236597537994385","0.5468650460243225","0.5473510026931763","0.4592706561088562","0.46017539501190186","0.462392121553421","0.46629276871681213","12.0","12.0","12.0","12.0","12.0","12.0","12.0","12.0","12.0","12.0","12.0","12.0","12.0","12.0","12.0","12.0","12.0","12.0","12.0","12.0","12.0","12.0","12.0","12.0","12.0","12.0","12.0","12.0","12.0","12.0","12.0","12.0","12.0","12.0","12.0","12.0","12.0","12.0","12.0","12.0"
"12.0","12.0","12.0","12.0","12.0","12.0","0.4710903763771057","0.46634504199028015","0.4645567536354065","0.47149184346199036","0.48755165934562683","12.0","0.473205029964447","0.4687865376472473","0.46803098917007446","0.4690050482749939","0.472339391708374","0.5466613173484802","0.5472995042800903","0.4592371881008148","0.4601403772830963","0.46235954761505127","0.4662611186504364","12.0","12.0","12.0","12.0","12.0","12.0","12.0","12.0","12.0","12.0","12.0","12.0","12.0","12.0","12.0","12.0","12.0","12.0","12.0","12.0","12.0","12.0","12.0","12.0","12.0","12.0","12.0","12.0","12.0","12.0","12.0","12.0","12.0","12.0","12.0","12.0","12.0","12.0","12.0","12.0"
"12.0","12.0","12.0","12.0","12.0","12.0","0.47097012400627136","0.4662487506866455","0.4644682705402374","0.47147127985954285","0.48752495646476746","12.0","0.47308507561683655","0.46869349479675293","0.4679439961910248","0.46892064809799194","0.4722685217857361","0.5467067956924438","0.5472043752670288","0.45915067195892334","0.46005773544311523","0.46227899193763733","0.46618202328681946","12.0","12.0","12.0","12.0","12.0","12.0","12.0","12.0","12.0","12.0","12.0","12.0","12.0","12.0","12.0","12.0","12.0","12.0","12.0","12.0","12.0","12.0","12.0","12.0","12.0","12.0","12.0","12.0","12.0","12.0","12.0","12.0","12.0","12.0","12.0","12.0","12.0","12.0","12.0","12.0"
"12.0","12.0","12.0","12.0","12.0","12.0","0.4709877669811249","0.466264545917511","0.46448254585266113","0.4714786112308502","0.48753589391708374","12.0","0.4730954170227051","0.46870657801628113","0.46795853972435","0.46893513202667236","0.4722803831100464","0.5466929078102112","0.5471706986427307","0.4591646194458008","0.46007034182548523","0.46229174733161926","0.4661964178085327","12.0","12.0","12.0","12.0","12.0","12.0","12.0","12.0","12.0","12.0","12.0","12.0","12.0","12.0","12.0","12.0","12.0","12.0","12.0","12.0","12.0","12.0","12.0","12.0","12.0","12.0","12.0","12.0","12.0","12.0","12.0","12.0","12.0","12.0","12.0","12.0","12.0","12.0","12.0","12.0"
"12.0","12.0","12.0","12.0","12.0","12.0","0.4712693691253662","0.4664917588233948","0.46469664573669434","0.47153159976005554","0.48759254813194275","12.0","0.473376989364624","0.46893346309661865","0.4681600332260132","0.4691316783428192","0.4723231792449951","0.5468689799308777","0.5474026203155518","0.4593697488307953","0.46027207374572754","0.4624840319156647","0.46638330817222595","12.0","12.0","12.0","12.0","12.0","12.0","12.0","12.0","12.0","12.0","12.0","12.0","12.0","12.0","12.0","12.0","12.0","12.0","12.0","12.0","12.0","12.0","12.0","12.0","12.0","12.0","12.0","12.0","12.0","12.0","12.0","12.0","12.0","12.0","12.0","12.0","12.0","12.0","12.0","12.0"
"12.0","12.0","12.0","12.0","12.0","12.0","0.4711182415485382","0.46636807918548584","0.4645810127258301","0.47150659561157227","0.48756423592567444","12.0","0.47322431206703186","0.4688141345977783","0.4680526852607727","0.4690254032611847","0.47222867608070374","0.546732485294342","0.5473689436912537","0.45925813913345337","0.46016278862953186","0.4623821973800659","0.4662869870662689","12.0","12.0","12.0","12.0","12.0","12.0","12.0","12.0","12.0","12.0","12.0","12.0","12.0","12.0","12.0","12.0","12.0","12.0","12.0","12.0","12.0","12.0","12.0","12.0","12.0","12.0","12.0","12.0","12.0","12.0","12.0","12.0","12.0","12.0","12.0","12.0","12.0","12.0","12.0","12.0"
